太平山_(栃木県)	0.260278918942474	http://www.ohirasanjinja.rpr.jp/image/main03.jpg
近代化遺産	0.202128095041516	http://www.kitakata-kanko.jp/img/tour/sangyou/nobori.JPG
仙石原	0.20090939085402	http://aturyoku-kamayann.cocolog-nifty.com/blog/files/R0017064.JPG
下町	0.197863923672846	http://blog-imgs-13.fc2.com/t/o/m/tomozoaruku/20071008101602.jpg
所沢航空記念公園	0.197175673143514	http://1000enpark.com/park/saitama/tokorozawa/photo_kuukou/p_main.jpg
大涌谷	0.196297036646619	http://upload.wikimedia.org/wikipedia/commons/3/3b/Hakone_black_egg_dsc05310.jpg
山下公園	0.180778514049297	http://upload.wikimedia.org/wikipedia/ja/e/e9/%25E5%25B1%25B1%25E4%25B8%258B%25E5%2585%25AC%25E5%259C%2592%25E3%2583%25A2%25E3%2583%258B%25E3%2583%25A5%25E3%2583%25A1%25E3%2583%25B3%25E3%2583%2588.jpg
水郷佐原水生植物園	0.177218644267942	http://www.city.katori.lg.jp/suisei-syokubutsuen/img/data/access-001.jpg
勝浦海中公園	0.176664088308071	http://missaoyama2009.camcolle.jp/blog/media/227/20090915-1252979999.JPG
電気街	0.17608560892288	http://www.asahi-net.or.jp/~ia6t-tkhs/mc-sagase-akihabara.jpg
榛名山	0.175259987520977	http://www8.wind.ne.jp/yumeji/img/harunasanmappu2.jpg
万座温泉	0.173215821425726	http://img5.blogs.yahoo.co.jp/ybi/1/44/ff/greentrainandredcar/folder/1010715/img_1010715_14959342_1%3F1234098842
佐原の町並み	0.172654934814017	http://www.katorishi.com/img/machinami_top.jpg
西武ドーム	0.165754896326022	http://upload.wikimedia.org/wikipedia/commons/8/89/Seibu_Dome_September-10_2007-1.jpg
那須温泉郷	0.16299786122141	http://upload.wikimedia.org/wikipedia/ja/7/74/Nasuonsen_signboard.gif
箱根温泉	0.161814712603554	http://www.hakone-mikawaya.com/img/main.jpg
みどり市	0.160160744067499	http://upload.wikimedia.org/wikipedia/ja/archive/b/ba/20090602133656!%25E5%259F%25BA%25E7%25A4%258E%25E8%2587%25AA%25E6%25B2%25BB%25E4%25BD%2593%25E4%25BD%258D%25E7%25BD%25AE%25E5%259B%25B3_10212.svg
上野恩賜公園	0.158121340571561	http://www.kensetsu.metro.tokyo.jp/toubuk/ueno/img/a_ueno.jpg
男体山	0.155387884224838	http://upload.wikimedia.org/wikipedia/commons/8/8a/Mount_nantai_and_lake_chuzenji.jpg
伊香保温泉	0.152122390663414	http://www.onsen-portal.jp/information_desk/travel_image/30_1.jpg
浅草観音温泉	0.151263974857012	http://upload.wikimedia.org/wikipedia/commons/0/07/Asakusa-Kannon-Onsen.JPG
大子温泉	0.150956800212072	http://ibanavi.net/img/id/shop/2841/img_l.jpg
袋田温泉	0.150956800212072	http://upload.wikimedia.org/wikipedia/commons/2/23/%25E8%25A2%258B%25E7%2594%25B0%25E6%25B8%25A9%25E6%25B3%2589.jpg
猿ヶ京温泉	0.150907056689625	http://cdn.mkimg.carview.co.jp/minkara/spot/000/000/480/656/480656/480656.jpg%3Fct%3D16645848ef27
草津白根山	0.150796819122076	http://upload.wikimedia.org/wikipedia/commons/f/f1/Kusatsu-Shiranesan01s5s4272.jpg
鹿沢温泉	0.148720279532023	http://www.gunjion1000.com/wp-content/uploads/2010/05/kazawa2-480x336.jpg
温泉	0.146679308033549	http://www.shinshuu-hakuba.com/onsen/wp-content/uploads/2011/03/10_00.jpg
袋田の滝	0.146457160789871	http://www.ibarakiguide.jp/info/wp-content/uploads/2013/01/thumb.php_.jpeg
前川あやめ園	0.144441624950212	http://www.nihon-kankou.or.jp/hana/detail/flowerimg/H06080300.jpg
真岡鐵道	0.140940413291769	http://rail.hobidas.com/guide/09_04_21_c12.jpg
水上温泉郷	0.140281557016115	http://upload.wikimedia.org/wikipedia/commons/thumb/a/ac/20080313-Minakami.jpg/260px-20080313-Minakami.jpg
鎌倉五山	0.140028008402801	http://www.kamakura-burabura.com/kamakuragozanngif
浅草花やしき	0.137992434191681	http://upload.wikimedia.org/wikipedia/ja/7/76/%25E6%25B5%2585%25E8%258D%2589%25E8%258A%25B1%25E3%2582%2584%25E3%2581%2597%25E3%2581%258D_02.jpg
中禅寺湖	0.137388728812662	http://upload.wikimedia.org/wikipedia/commons/8/8a/Mount_nantai_and_lake_chuzenji.jpg
七里ヶ浜	0.137298458048089	http://upload.wikimedia.org/wikipedia/ja/1/1c/%25E4%25B8%2583%25E9%2587%258C%25E3%2583%25B6%25E6%25B5%259C%25E3%2581%25A8%25E7%25A8%25B2%25E6%259D%2591%25E3%2583%25B6%25E5%25B4%258E(%25E6%25B1%259F%25E3%2581%25AE%25E5%25B3%25B6%25E5%25B1%2595%25E6%259C%259B%25E7%2581%25AF%25E5%258F%25B0%25E3%2581%258B%25E3%2582%2589).jpg
桐生川	0.137281294596729	http://file.kiryugenryu.blog.shinobi.jp/IMGP1108.jpg
浅草寺	0.137230720016164	http://upload.wikimedia.org/wikipedia/ja/2/23/%25E6%25B5%2585%25E8%258D%2589%25E5%25AF%25BA%25E9%259B%25B7%25E9%2596%2580.jpg
殺生石	0.136721255923615	http://www.bashouan.com/YNs_Photo/y_s22.jpg
サブカルチャー	0.135792949758429	http://www.sg-u.ac.jp/download.rbz%3Fcmd%3D50%26cd%3D394%26tg%3D0
湯河原温泉	0.134814979664983	http://www.yugawara.or.jp/images/home/img_main3.jpg
奥鬼怒温泉郷	0.134491090260396	http://livedoor.blogimg.jp/tabinozasshi/imgs/e/4/e411d2d1.JPG
華厳滝	0.133721978291854	http://upload.wikimedia.org/wikipedia/commons/d/d7/Kegon_falls_nikko_2006-11-04.jpg
三浦海岸	0.13254112771066	http://upload.wikimedia.org/wikipedia/commons/f/f3/Miura_Kaigan_01.jpg
東洋のマイアミビーチ	0.130592903087597	http://photo1.ganref.jp/photo/0/3bd0b30ee7a5040a0e7781b02fd2967f/thumb5.jpg
あしかがフラワーパーク	0.130188910980824	http://www.ashikaga.co.jp/images/noflash_03.jpg
佐原の大祭	0.130095184950944	http://www.city.katori.lg.jp/05sightseeing/taisai/img/introduction/matsuri_aki_ph_00.gif
鬼押出し・浅間園	0.129598331180721	http://www.asamaen.tsumagoi.gunma.jp/img/img_004.jpg
天体の出没	0.12870570553403	http://ecx.images-amazon.com/images/I/5165JB73MHL._SL500_AA300_.jpg
アクアワールド・大洗	0.128557290907523	http://www.mito-prince.co.jp/blog/%25E3%2582%25A2%25E3%2582%25AF%25E3%2582%25A2%25E3%2583%25AF%25E3%2583%25BC%25E3%2583%25AB%25E3%2583%2589%25E5%25A4%25A7%25E6%25B4%2597.jpg
桐生天満宮	0.127879841870645	http://www.kiryutenjin.jp/img/top/pic-top1.jpg
秩父夜祭	0.124279874518982	http://www.shunjinkai.or.jp/yataibayashi2/kisochishiki/migi-1.jpg
羊山公園	0.12420690624427	http://upload.wikimedia.org/wikipedia/ja/thumb/8/8c/Chichibu_Hitsujiyama_Park_Phlox_Hill_1.JPG/1280px-Chichibu_Hitsujiyama_Park_Phlox_Hill_1.JPG
サーフィン	0.123734404580841	http://surfing.cyapo.com/images/nami-photo102.jpg
足利花火大会	0.122522579808522	http://www.city.ashikaga.tochigi.jp/uploaded/image/15455.JPG
北軽井沢	0.122484142789054	http://shirakawagolf.co.jp/31.jpg
喜多院	0.122166649240018	http://www.alpha-net.ne.jp/users2/kwg1840/ph/gazo2/ph0963.jpg
サツマイモ	0.121873789979822	http://www.redpython.net/phfv003-s.jpg
長野原町	0.121263942878352	http://upload.wikimedia.org/wikipedia/ja/thumb/d/d3/%25E5%259F%25BA%25E7%25A4%258E%25E8%2587%25AA%25E6%25B2%25BB%25E4%25BD%2593%25E4%25BD%258D%25E7%25BD%25AE%25E5%259B%25B3_10424.svg/307px-%25E5%259F%25BA%25E7%25A4%258E%25E8%2587%25AA%25E6%25B2%25BB%25E4%25BD%2593%25E4%25BD%258D%25E7%25BD%25AE%25E5%259B%25B3_10424.svg.png
赤城山	0.120033801921374	http://upload.wikimedia.org/wikipedia/commons/thumb/c/c7/MountAkagi.jpg/300px-MountAkagi.jpg
那須町	0.119743421408422	http://upload.wikimedia.org/wikipedia/commons/d/dd/Nasu_chausudake.jpg
みどり市立富弘美術館	0.119591890843881	http://upload.wikimedia.org/wikipedia/commons/thumb/4/46/Michinoeki_tomihirobijutsukan.jpg/300px-Michinoeki_tomihirobijutsukan.jpg
鬼押出し園	0.1175180478513	http://www.princehotels.co.jp/amuse/onioshidashi/imgs/index_thum01_b.jpg
小江戸	0.117374106643704	http://blogimg.goo.ne.jp/user_image/58/df/cac475c2c09971ff7245e6072b402e53.jpg
潮来祇園祭禮	0.116698157715624	http://p.twimg.com/AzyIQ-OCAAEZHay.jpg
浅草公園六区	0.115787351398843	http://upload.wikimedia.org/wikipedia/commons/9/99/Asakusa_Rokku.jpg
いろは坂	0.115625359684594	http://upload.wikimedia.org/wikipedia/commons/e/ef/Irohazaka_01.jpg
芦ノ湖	0.115617918645653	http://www.hakone-ashinoko.net/_images/index/main_img/main_img_01.jpg
水沼駅	0.115470053837925	http://www.mizunuma-sb.com/images/facilities_image02.jpg
わたらせ渓谷鐵道	0.115041920859848	http://rail.hobidas.com/guide/archives/%25E3%2582%258F%25E3%2581%259F%25E3%2582%2589%25E3%2581%259B%25E6%25B8%2593%25E8%25B0%25B7%25E9%2590%25B5%25E9%2581%2593%25EF%25BC%258F%25E6%259C%25AC%25E5%25AE%25BF%25EF%25BD%259E%25E4%25B8%258A%25E7%25A5%259E%25E6%25A2%2585.jpg
栃木県なかがわ水遊園	0.113955196782931	http://upload.wikimedia.org/wikipedia/ja/8/84/20090421%25E6%25A0%2583%25E6%259C%25A8%25E7%259C%258C%25E3%2581%25AA%25E3%2581%258B%25E3%2581%258C%25E3%2582%258F%25E6%25B0%25B4%25E9%2581%258A%25E5%259C%2592.jpg
浅間山	0.112606029764674	http://upload.wikimedia.org/wikipedia/commons/8/81/Mt.Asama.jpg
古河橋	0.112309550396713	http://www.city.nikko.lg.jp/ashio_kankou/kankou/ashio/meisho/images/hurukawabashi01.gif
日光東照宮	0.111085403207254	http://upload.wikimedia.org/wikipedia/commons/4/47/%25E6%2597%25A5%25E5%2585%2589%25E6%259D%25B1%25E7%2585%25A7%25E5%25AE%25AE%25E9%2599%25BD%25E6%2598%258E%25E9%2596%2580001.jpg
鑁阿寺	0.110656036042674	http://upload.wikimedia.org/wikipedia/ja/1/18/Bannanji-Temple(AshikagashiYakata)Sanmon.jpg
江の島	0.10843203340113	http://enoshima-seacandle.jp/images/idxVisual1.jpg
城ヶ島	0.108404552619936	http://miurahanto.net/map/Map12.gif
戦場ヶ原	0.106662060355561	http://upload.wikimedia.org/wikipedia/commons/thumb/c/ca/Senj%25C5%258Dgahara_01.jpg/300px-Senj%25C5%258Dgahara_01.jpg
犬吠埼燈台	0.10589572815983	http://toodai.cocolog-nifty.com/photos/uncategorized/2009/03/13/inubousaki1.jpg
小田原城	0.105366727318704	http://upload.wikimedia.org/wikipedia/commons/9/99/ODAWARA-CASTLE.JPG
浅草神社	0.104847860360276	http://upload.wikimedia.org/wikipedia/commons/thumb/c/c1/Asakusa_shrine_2012.JPG/300px-Asakusa_shrine_2012.JPG
日光湯元温泉	0.104020095768674	http://upload.wikimedia.org/wikipedia/commons/b/b4/Yumoto,_Nikko_National_Park,_Tochigi,_Japan.jpg
塩原温泉郷	0.103564051885395	http://upload.wikimedia.org/wikipedia/commons/7/7c/Hokigawa_river_and_Shiobara_valley_001.jpg
成田山新勝寺	0.103468006881743	https://www.obayashi.co.jp/uploaded_attachment/page/main_image/larger/9/c/f7394909-b89f-4b80-a97f-d9eef0d0073c.jpg
水戸黄門	0.102352447845926	http://rekishi.maboroshi.biz/wp-content/uploads/2013/12/syodaimituukuni.jpg
草津温泉	0.102133009528571	http://upload.wikimedia.org/wikipedia/ja/e/e2/%25E8%258D%2589%25E6%25B4%25A5%25E6%25B8%25A9%25E6%25B3%2589_%25E6%25B9%25AF%25E7%2595%2591.JPG
川治温泉	0.101929421611302	http://img.travel.rakuten.co.jp/kanko/normal/9000995_1969_1.jpg
偕楽園	0.101241365512271	http://upload.wikimedia.org/wikipedia/commons/b/bd/Koubuntei.JPG
鬼怒沼	0.0989005315282672	http://upload.wikimedia.org/wikipedia/ja/b/b6/Kinunumayama.jpg
唐沢山神社	0.0978375255165311	http://upload.wikimedia.org/wikipedia/commons/thumb/1/1b/Karasawayamajinja.JPG/250px-Karasawayamajinja.JPG
朝市	0.0953763605921653	http://www.wajimaonsen.com/miru/030/asa-8.jpg
惣宗寺	0.0946384164553635	http://upload.wikimedia.org/wikipedia/commons/thumb/a/a0/Soshu-ji_Temple.JPG/300px-Soshu-ji_Temple.JPG
輪王寺	0.0944224159997943	http://upload.wikimedia.org/wikipedia/ja/3/32/Rinnoji_sanbutsudo.jpg
長瀞町	0.092006701876343	http://upload.wikimedia.org/wikipedia/commons/thumb/2/2c/Nagatoro2.jpg/280px-Nagatoro2.jpg
横浜中華街	0.0913816022687688	http://upload.wikimedia.org/wikipedia/commons/e/e7/Chinatown_in_Yokohama_10.jpg
由比ヶ浜	0.0908396171267718	http://upload.wikimedia.org/wikipedia/ja/8/83/%25E7%2594%25B1%25E6%25AF%2594%25E3%2583%25B6%25E6%25B5%259C%25E9%25A7%2585%25E3%2583%259B%25E3%2583%25BC%25E3%2583%25A0.jpg
鶴岡八幡宮	0.0908041360884515	http://upload.wikimedia.org/wikipedia/commons/5/5e/TsurugaokaHachiman-M8867.jpg
門前町	0.0902200718246025	http://www.sakamotoya.gr.jp/my_first_blog/monzen.jpg
海水浴場	0.0897676169265984	http://www.city.sennan.osaka.jp/seisaku/rinku/images/beach05.jpg
奥秩父山塊	0.0894729413131438	http://upload.wikimedia.org/wikipedia/ja/thumb/d/d7/Okuchichibu.jpg/300px-Okuchichibu.jpg
蒸気機関車	0.0887143205888627	http://upload.wikimedia.org/wikipedia/commons/a/a3/JRN-C62-SteamLoco.jpg
中津峡_(埼玉県)	0.0871531505817738	http://upload.wikimedia.org/wikipedia/commons/thumb/2/2f/Nakatsu_in_Autumn.JPG/280px-Nakatsu_in_Autumn.JPG
鴨川シーワールド	0.084668990723316	http://web-aquarium.net/aquarium/img/kamogawa070.jpg
高津戸峡	0.0837280750516061	http://www.city.midori.gunma.jp/kankoguide/ikou/images/takatudo4.jpg
香取神宮	0.0834366096211137	http://www.katorishi.com/place/img/s_katoria.jpg
日光杉並木	0.0823454802687957	http://upload.wikimedia.org/wikipedia/commons/f/f6/Cedar_Avenue_of_Nikko_aerial_photograph.JPG
足利学校	0.0818232909579757	http://www.city.ashikaga.tochigi.jp/uploaded/image/18070.jpg
谷川岳	0.0807814394802495	http://upload.wikimedia.org/wikipedia/ja/e/e1/Tanigawadake.jpg
剱埼灯台	0.0805439857365652	http://upload.wikimedia.org/wikipedia/ja/thumb/e/e7/Turugi19.jpg/300px-Turugi19.jpg
長瀞渓谷	0.0802497212268015	http://upload.wikimedia.org/wikipedia/commons/thumb/2/2c/Nagatoro2.jpg/260px-Nagatoro2.jpg
雷門	0.0786640396415405	http://upload.wikimedia.org/wikipedia/ja/2/23/%25E6%25B5%2585%25E8%258D%2589%25E5%25AF%25BA%25E9%259B%25B7%25E9%2596%2580.jpg
狭山丘陵	0.0763972581206126	http://suumo.jp/journal/wp/wp-content/uploads/2012/07/98e0969df95ccb0f760abaea3925c1a3.jpg
日光二荒山神社	0.0746091744081146	http://upload.wikimedia.org/wikipedia/commons/e/ed/Nikko_Futarasan_Jinja_M3292.jpg
日光の社寺	0.0713831827303159	http://bunka.nii.ac.jp/jp/world/images/h08_photo-main.jpg
田中正造	0.06977858353467	http://www8.plala.or.jp/kawakiyo/p_tanaka.jpg
箱根神社	0.0693770485323608	http://powspotter.info/wp-content/uploads/fc2img/32.jpg
アメヤ横丁	0.0692171611455529	http://upload.wikimedia.org/wikipedia/commons/6/61/Ameya-yokocho01s5s3200.jpg
鹿島神宮	0.0667730352071974	http://www.michinoeki-itako.jp/resort_spot/img/zingu01.jpg
鬼怒川温泉	0.0659146359686931	http://img.travel.rakuten.co.jp/share/HOTEL/8643/8643.jpg
横浜みなとみらい21	0.063053972285446	http://upload.wikimedia.org/wikipedia/commons/c/c1/MinatoMirai21.jpg
合羽橋	0.0586426763389362	http://www.kappabashi.or.jp/home/img/access_map2.gif
桐生八木節まつり	0.054979458937126	http://gtia.jp/sub/tourist_img/801020/tourist.jpg
二瀬ダム	0.0542165370425457	http://dammania.net/im3/DSC_1136.JPG
筑波山	0.0468402012443883	http://upload.wikimedia.org/wikipedia/commons/8/87/Mt.Tsukuba.jpg
