上野恩賜公園	'''上野恩賜公園'''（うえのおんしこうえん）は、[[東京都]][[台東区]]にある[[公園]]。通称'''上野公園'''。「上野の森」とも呼ばれ、[[武蔵野台地]]末端の[[台地|舌状台地]]「上野台」に公園が位置することから、「上野の山」とも呼ばれる。総面積約53万m&amp;sup2;。[[東京都建設局]]の管轄。公園内には博物館、動物園等、多くの文化施設が存在する。「上野公園」は台東区の町名でもある。	http://www.kensetsu.metro.tokyo.jp/toubuk/ueno/img/a_ueno.jpg
みどり市立富弘美術館	'''みどり市立富弘美術館'''（みどりしりつとみひろびじゅつかん 英表記:Tomihiro Art Museum）は、[[群馬県]][[みどり市]]の[[道の駅富弘美術館]]内にある市立[[美術館]]である。	http://upload.wikimedia.org/wikipedia/commons/thumb/4/46/Michinoeki_tomihirobijutsukan.jpg/300px-Michinoeki_tomihirobijutsukan.jpg
偕楽園	'''偕楽園'''（かいらくえん）は、[[日本]]・[[茨城県]][[水戸市]]にある[[日本庭園]]である。[[岡山市]]の[[後楽園]]や[[金沢市]]の[[兼六園]]と並んで、「[[日本三名園]]」の一つに数えられる。茨城県営の[[都市公園]]（広域公園）として、管理・運営されている&lt;ref&gt;[http://www.koen.pref.ibaraki.jp/contents3.html 茨城県県営都市公園一覧]&lt;/ref&gt;。[[Image:Koubuntei.JPG|thumb|250px|好文亭]]	http://upload.wikimedia.org/wikipedia/commons/b/bd/Koubuntei.JPG
草津温泉	'''草津温泉'''（くさつおんせん）とは、[[群馬県]][[吾妻郡]][[草津町]]（旧国[[上野国]]）にある[[温泉]]のことである。[[林羅山]]の[[日本三名泉]]に数えられる。[[江戸時代]]の[[温泉番付]]では当時の最高位である[[大関|東大関]]に格付けされた、日本を代表する名泉の一つである。北西部には、[[草津白根山]]（白根山〈2,160m、湯釜〉・本白根山〈2,171m〉・逢の峰〈2,110m〉）が聳えている（[[上信越高原国立公園]]）。[[上毛カルタ]]の「く」の札に、「草津（くさづ）よいとこ薬の温泉（いでゆ）」と歌われている。草津の読み方は「くさづ」。__TOC__&lt;br clear=&quot;both&quot; /&gt;	http://upload.wikimedia.org/wikipedia/ja/e/e2/%25E8%258D%2589%25E6%25B4%25A5%25E6%25B8%25A9%25E6%25B3%2589_%25E6%25B9%25AF%25E7%2595%2591.JPG
佐原の町並み	'''佐原の町並み'''（さわらのまちなみ）は、[[千葉県]][[香取市]][[佐原]]の市街地にある歴史的な建造物が残る町並みである。商家町の歴史的景観を残す町並みは[[重要伝統的建造物群保存地区]]として選定されている。	http://www.katorishi.com/img/machinami_top.jpg
北軽井沢	'''北軽井沢'''（きたかるいざわ）は、[[浅間山]]北麓の一帯に位置する[[群馬県]][[吾妻郡]][[長野原町]]の[[大字]]である。[[郵便番号]]377-1412。	http://shirakawagolf.co.jp/31.jpg
小江戸	'''小江戸'''（'''こえど'''）とは「[[江戸]]のように栄えた町」「[[江戸時代]]を感じさせる町」といった意味合いで使われる、都市の比喩的な表現。代表例としては、[[埼玉県]][[川越市]]が挙げられる。'''小江戸'''（'''こえど'''）とは「[[江戸]]のように栄えた町」「[[江戸時代]]を感じさせる町」といった意味合いで使われる、都市の比喩的な表現。代表例としては、[[埼玉県]][[川越市]]が挙げられる。'''小江戸'''（'''こえど'''）とは「[[江戸]]のように栄えた町」「[[江戸時代]]を感じさせる町」といった意味合いで使われる、都市の比喩的な表現。代表例としては、[[埼玉県]][[川越市]]が挙げられる。	http://blogimg.goo.ne.jp/user_image/58/df/cac475c2c09971ff7245e6072b402e53.jpg
由比ヶ浜	'''由比ヶ浜'''（ゆいがはま）は、現在の[[神奈川県]][[鎌倉市]]南部の[[相模湾]]に面した[[海岸]]の名称。[[海水浴場]]として有名&lt;ref&gt;[http://www.city.kamakura.kanagawa.jp/keikan/100sen/sizen/08.html 鎌倉市]&lt;/ref&gt;。	http://upload.wikimedia.org/wikipedia/ja/8/83/%25E7%2594%25B1%25E6%25AF%2594%25E3%2583%25B6%25E6%25B5%259C%25E9%25A7%2585%25E3%2583%259B%25E3%2583%25BC%25E3%2583%25A0.jpg
海水浴場	'''海水浴場'''（かいすいよくじょう）とは、[[海水浴]]をしたり、[[砂浜]]で[[砂遊び]]等を行うための[[海岸]]である。遠浅の砂浜で、比較的[[波]]が少ない浜辺が適している。[[琵琶湖]]など、[[湖沼]]等に位置するものは[[水泳場]]と呼ばれる。'''海水浴場'''（かいすいよくじょう）とは、[[海水浴]]をしたり、[[砂浜]]で[[砂遊び]]等を行うための[[海岸]]である。遠浅の砂浜で、比較的[[波]]が少ない浜辺が適している。[[琵琶湖]]など、[[湖沼]]等に位置するものは[[水泳場]]と呼ばれる。'''海水浴場'''（かいすいよくじょう）とは、[[海水浴]]をしたり、[[砂浜]]で[[砂遊び]]等を行うための[[海岸]]である。遠浅の砂浜で、比較的[[波]]が少ない浜辺が適している。[[琵琶湖]]など、[[湖沼]]等に位置するものは[[水泳場]]と呼ばれる。'''海水浴場'''（かいすいよくじょう）とは、[[海水浴]]をしたり、[[砂浜]]で[[砂遊び]]等を行うための[[海岸]]である。遠浅の砂浜で、比較的[[波]]が少ない浜辺が適している。[[琵琶湖]]など、[[湖沼]]等に位置するものは[[水泳場]]と呼ばれる。'''海水浴場'''（かいすいよくじょう）とは、[[海水浴]]をしたり、[[砂浜]]で[[砂遊び]]等を行うための[[海岸]]である。遠浅の砂浜で、比較的[[波]]が少ない浜辺が適している。[[琵琶湖]]など、[[湖沼]]等に位置するものは[[水泳場]]と呼ばれる。	http://www.city.sennan.osaka.jp/seisaku/rinku/images/beach05.jpg
戦場ヶ原	'''戦場ヶ原'''（せんじょうがはら）は、[[栃木県]][[日光市]]の[[日光国立公園]]内にある[[湿原#高層湿原|高層湿原]]である。標高は約1,390mから1,400mである。戦場ヶ原という地名は、[[山の神]]がこの湿原を舞台に争いを繰り広げたという[[伝説]]に由来している&lt;ref name=&quot;日光観光協会_pp150&quot;&gt;{{Harvnb|日光観光協会|1998|Ref=CITE_日光観光協会1998|pp=150-151|loc=[http://www.nikko-jp.org/perfect/senjogahara/index.html 戦場ガ原]}}&lt;/ref&gt;。	http://upload.wikimedia.org/wikipedia/commons/thumb/c/ca/Senj%25C5%258Dgahara_01.jpg/300px-Senj%25C5%258Dgahara_01.jpg
東洋のマイアミビーチ	'''東洋のマイアミビーチ'''（とうよう の まいあみびーち）とは、[[藤沢市]]南部の[[海岸]]を[[観光地]]として売り出すための[[キャッチコピー]]あるいは藤沢市の海岸部の[[ニックネーム]]である。当初、藤沢市は「東洋のマイアミ」として売り出したが、[[1959年]]、世界的な[[砂浜|ビーチ]][[リゾート]]、[[マイアミビーチ]]市と[[姉妹都市]]提携を結び、その段階から「[[東洋]]のマイアミビーチ」として今日に及んでいる。	http://photo1.ganref.jp/photo/0/3bd0b30ee7a5040a0e7781b02fd2967f/thumb5.jpg
狭山丘陵	'''狭山丘陵'''（さやま きゅうりょう）は、[[日本]]の[[関東平野]]西方、[[埼玉県]]と[[東京都]]の都県境に東西11[[キロメートル|km]]、南北4km、総面積約3,500[[ヘクタール|ha]]の規模で広がる[[丘陵]]である。周囲は[[武蔵野台地]]となっている。	http://suumo.jp/journal/wp/wp-content/uploads/2012/07/98e0969df95ccb0f760abaea3925c1a3.jpg
伊香保温泉	'''伊香保温泉'''（いかほおんせん）は、[[群馬県]][[渋川市]]伊香保町（旧国[[上野国]]）にある[[温泉]]。[[草津温泉]]と並んで県を代表する名湯で、[[上毛かるた]]では「伊香保温泉日本の名湯」と歌われた。	http://www.onsen-portal.jp/information_desk/travel_image/30_1.jpg
浅草観音温泉	'''浅草観音温泉'''（あさくさかんのんおんせん）は、[[東京都]][[台東区]]にある[[温泉]][[銭湯]]。[[浅草寺]]の西隣、[[浅草花やしき]]の前にあり、早朝から[[入浴]]できる。	http://upload.wikimedia.org/wikipedia/commons/0/07/Asakusa-Kannon-Onsen.JPG
成田山新勝寺	'''成田山新勝寺'''（なりたさんしんしょうじ）は、[[千葉県]][[成田市]]にある[[真言宗智山派]]の[[寺]]であり、同派の大本山のひとつである。本尊は[[不動明王]]。関東地方では有数の参詣人を集める著名寺院で、家内安全、[[交通安全]]などを祈る[[護摩]]祈祷のために訪れる人も多い。不動明王信仰の寺院のひとつであり、寺名は一般には「'''成田不動'''」あるいは単に「'''[[成田山]]'''」と呼ばれることが多い。[[2008年]]4月に開基1070年を迎えた（正確には、開基1068年にあたるが、開基1000年祭を[[1938年]]に祝ったため、2008年を開基1070年としている）。毎年[[千葉県警察|千葉県警]]は正月の初詣客数を発表しており、その数は2006年では275万人、2007年は約290万人となっており、[[明治神宮]]に次ぐ全国二位、千葉県内一位である。寺紋は牡丹である。	https://www.obayashi.co.jp/uploaded_attachment/page/main_image/larger/9/c/f7394909-b89f-4b80-a97f-d9eef0d0073c.jpg
近代化遺産	'''近代化遺産'''（きんだいかいさん）は、# 国家や社会の[[近代化]]に関連する[[文化遺産]]のこと。# 日本の[[文化庁]]が定義している[[文化遺産保護制度]]上の概念の一つで、[[幕末]]から[[第二次世界大戦]]期までの間に建設され、日本の近代化に貢献した産業・交通・土木に係る建造物。本項では2について詳述する。	http://www.kitakata-kanko.jp/img/tour/sangyou/nobori.JPG
蒸気機関車	'''蒸気機関車'''（じょうききかんしゃ）とは、[[蒸気機関]]によって動く[[機関車]]のことである。[[ファイル:JRN-C62-SteamLoco.jpg|thumb|240px|シロクニの愛称で親しまれるC62形]][[ファイル:ペリー提督献上の蒸気車.jpg|thumb|240px|[[マシュー・ペリー|ペリー提督]]が幕府に献上した蒸気車、瓦版]][[日本]]では Steam Locomotive の[[頭字語|頭文字]]をとって、'''SL'''（エスエル）とも呼ばれる。また、蒸気機関車、または蒸気機関車が牽引する列車のことを'''汽車'''とも言う。ただし、地域や世代によっては、電気で動く物も含めて全ての列車のことを「汽車」と呼んだり、[[日本国有鉄道|国鉄]]・[[JR]]を「汽車」、[[路面電車]]や[[私鉄]]を「[[電車]]」と呼んで区別したりする場合がある（このような「汽車」の用法については「[[汽車]]」を参照のこと）。また、[[明治]]時代には[[蒸気船]]に対して陸の上を蒸気機関で走ることから、「陸蒸気」（おかじょうき）とも呼んでいた。第二次世界大戦の頃までは「汽罐車」（きかんしゃ）という表記も用いられた（「汽罐」は[[ボイラー]]の意）。	http://upload.wikimedia.org/wikipedia/commons/a/a3/JRN-C62-SteamLoco.jpg
大子温泉	'''大子温泉'''（だいごおんせん）は、[[茨城県]][[久慈郡]][[大子町]]（旧国[[常陸国]]）にある[[温泉]]。	http://ibanavi.net/img/id/shop/2841/img_l.jpg
いろは坂	'''いろは坂'''（いろはざか）は[[栃木県]][[日光市]]馬返から、同市[[中禅寺湖]]畔間の[[国道120号]]の坂道を指す。	http://upload.wikimedia.org/wikipedia/commons/e/ef/Irohazaka_01.jpg
七里ヶ浜	'''七里ヶ浜'''（しちりがはま）は、[[神奈川県]][[鎌倉市]]南西部にある[[相模湾]]に面した2.9 kmほどの[[浜]]で、[[稲村ヶ崎]]と[[小動岬]]の間にある。[[日本の渚百選]]の一つ。また町名。町名としては七里'''ガ'''浜一、二丁目および[[七里ガ浜東]]一 - 五丁目がある。	http://upload.wikimedia.org/wikipedia/ja/1/1c/%25E4%25B8%2583%25E9%2587%258C%25E3%2583%25B6%25E6%25B5%259C%25E3%2581%25A8%25E7%25A8%25B2%25E6%259D%2591%25E3%2583%25B6%25E5%25B4%258E(%25E6%25B1%259F%25E3%2581%25AE%25E5%25B3%25B6%25E5%25B1%2595%25E6%259C%259B%25E7%2581%25AF%25E5%258F%25B0%25E3%2581%258B%25E3%2582%2589).jpg
大涌谷	'''大涌谷'''（おおわくだに）は、[[神奈川県]][[箱根町]]にある[[箱根山|箱根火山]]の噴煙地。整備され観光できるようになっている。	http://upload.wikimedia.org/wikipedia/commons/3/3b/Hakone_black_egg_dsc05310.jpg
川治温泉	'''川治温泉'''（'''かわじおんせん'''）は、[[栃木県]][[日光市]]（旧国[[下野国]]）にある[[温泉]]。	http://img.travel.rakuten.co.jp/kanko/normal/9000995_1969_1.jpg
二瀬ダム	'''二瀬ダム'''（ふたせダム）は[[埼玉県]][[秩父市]]、[[一級河川]]・[[荒川 (関東)|荒川]]の本流最上流部に建設された[[ダム]]である。[[国土交通省]]関東[[地方整備局]]が管理する[[国土交通省直轄ダム]]で、荒川水系では初となる[[多目的ダム]]である。高さ95.0mの[[重力式アーチダム]]。荒川の[[治水]]と埼玉県北西部の既得農地に対する農業用水補給および県営の[[水力発電]]が目的である。[[浦山ダム]]（浦山川）や[[滝沢ダム]]（中津川）と共に'''荒川上流ダム群'''を形成している。ダムによって形成された[[人造湖]]は、[[雍仁親王妃勢津子|秩父宮妃]]によって'''秩父湖'''（ちちぶこ）と命名された。[[秩父多摩甲斐国立公園]]に指定されている。	http://dammania.net/im3/DSC_1136.JPG
鹿島神宮	'''鹿島神宮'''（かしまじんぐう、'''鹿嶋神宮'''）は、[[茨城県]][[鹿嶋市]][[宮中 (鹿嶋市)|宮中]]にある[[神社]]。[[式内社]]（[[名神大社]]）、[[常陸国]][[一宮]]。[[近代社格制度|旧社格]]は[[官幣大社]]で、現在は[[神社本庁]]の[[別表神社]]。全国に&lt;!--約600社：要出典--&gt;ある[[鹿島神社]]の総本社。[[千葉県]][[香取市]]の[[香取神宮]]、茨城県[[神栖市]]の[[息栖神社]]とともに[[東国三社]]の一社&lt;ref&gt;[http://www.kamisu-kanko.jp/power/ 東国三社]（神栖市観光協会）。&lt;/ref&gt;。また、宮中の[[四方拝]]で遥拝される一社である。&lt;!--[[初詣]]には全国から65万人以上が参拝し、参拝者数では茨城県2位に及ぶ。：要出典--&gt;	http://www.michinoeki-itako.jp/resort_spot/img/zingu01.jpg
香取神宮	'''香取神宮'''（かとりじんぐう）は、[[千葉県]][[香取市]]香取にある[[神社]]。[[式内社]]（[[名神大社]]）、[[下総国]][[一宮]]。[[近代社格制度|旧社格]]は[[官幣大社]]で、現在は[[神社本庁]]の[[別表神社]]。[[関東地方]]を中心として全国に&lt;!--約400社：要出典--&gt;ある[[香取神社]]の総本社。[[茨城県]][[鹿嶋市]]の[[鹿島神宮]]、茨城県[[神栖市]]の[[息栖神社]]とともに[[東国三社]]の一社&lt;ref&gt;[http://www.kamisu-kanko.jp/power/ 東国三社]（神栖市観光協会）。&lt;/ref&gt;。また、宮中の[[四方拝]]で遥拝される一社である。&lt;!--[[初詣]]には50万人以上が参拝する。：要出典--&gt;	http://www.katorishi.com/place/img/s_katoria.jpg
城ヶ島	'''城ヶ島'''（じょうがしま）は、[[神奈川県]][[三浦半島]]の[[南]]端に位置する[[島]]。周囲長約4 km、面積0.99 km&amp;sup2;で、神奈川県最大の[[自然島]]である。東西幅約1.8 km、南北幅約0.6kmと東西に細長い菱形の地形であり、東西南北にそれぞれ安房ヶ崎（東）、長津呂崎（西）、赤羽根崎（南）、遊ヶ崎（北）という岬がある。長津呂崎には[[城ヶ島灯台]]、安房ヶ崎には安房埼灯台が建つ。安房ヶ崎は神奈川県の最南端でもある（北緯 35゜ 7'32）。行政区分は[[三浦市]]で、220世帯604人が暮らす（2005年10月1日現在）。尚、しばしば[[伊豆半島|伊豆]]の[[城ヶ崎]]と混同されるが、三浦三崎周辺に城ヶ崎という地名は存在しない。	http://miurahanto.net/map/Map12.gif
水沼駅	'''水沼駅'''（みずぬまえき）は、[[群馬県]][[桐生市]]黒保根町水沼にある[[わたらせ渓谷鐵道]][[わたらせ渓谷鐵道わたらせ渓谷線|わたらせ渓谷線]]の[[鉄道駅|駅]]。	http://www.mizunuma-sb.com/images/facilities_image02.jpg
惣宗寺	'''惣宗寺'''（そうしゅうじ） は、[[栃木県]][[佐野市]]にある[[天台宗]]の[[寺院]]である。山号は「春日岡山」、寺号は詳しくは「春日岡山 転法輪院 惣宗官寺（かすがおかやま てんぼうりんいん そうしゅうかんじ）」と称する。一般には'''佐野厄除け大師'''&lt;ref&gt;佐野厄除け大師の'''厄除け大師'''とは、第18世[[天台座主]]を務めた[[良源]]のことである。[[比叡山]][[延暦寺]]中興の祖とされる良源は没後神格化され、'''元三大師'''として日本各地の寺院に祀られ、信仰を集めている。&lt;/ref&gt;の通称で知られる。年末年始には[[関東地方]]を中心に[[テレビ]][[CM]]が多く放送されるため広く知られている。	http://upload.wikimedia.org/wikipedia/commons/thumb/a/a0/Soshu-ji_Temple.JPG/300px-Soshu-ji_Temple.JPG
猿ヶ京温泉	'''猿ヶ京温泉'''（さるがきょうおんせん）は、[[群馬県]][[利根郡]][[みなかみ町]]（旧国[[上野国]]）にある[[温泉]]。	http://cdn.mkimg.carview.co.jp/minkara/spot/000/000/480/656/480656/480656.jpg%3Fct%3D16645848ef27
アクアワールド・大洗	'''アクアワールド・大洗'''（アクアワールド・おおあらい, aquaworld-oarai）は、[[茨城県]][[東茨城郡]][[大洗町]]にある[[太平洋]]に面した茨城県最大、全国でもトップクラスの大型[[水族館]]。約165億円（うち建設費150億円）をかけ従来の'''大洗水族館'''から大規模なリニューアルを行い、[[博物館]]や[[科学館]]的な展示手法を採り入れた[[海]]の総合[[ミュージアム]]として2002年3月にオープンした。事業所名は「アクアワールド茨城県大洗水族館」。財団法人いばらき文化振興財団が経営。	http://www.mito-prince.co.jp/blog/%25E3%2582%25A2%25E3%2582%25AF%25E3%2582%25A2%25E3%2583%25AF%25E3%2583%25BC%25E3%2583%25AB%25E3%2583%2589%25E5%25A4%25A7%25E6%25B4%2597.jpg
塩原温泉郷	'''塩原温泉郷'''（しおばらおんせんきょう）は、[[栃木県]][[那須塩原市]]（旧国[[下野国]]）塩原地区内の、[[箒川]]沿いの[[谷|谷間]]を中心に点在する11の[[温泉]]の総称（[[温泉郷]]）。	http://upload.wikimedia.org/wikipedia/commons/7/7c/Hokigawa_river_and_Shiobara_valley_001.jpg
桐生川	'''桐生川'''（きりゅうがわ）は、主に[[群馬県]][[桐生市]]を流れる[[利根川]][[水系]][[渡良瀬川]]支流の[[一級河川]]である。	http://file.kiryugenryu.blog.shinobi.jp/IMGP1108.jpg
あしかがフラワーパーク	'''あしかがフラワーパーク'''は、[[栃木県]][[足利市]]迫間町にある[[花]]の[[テーマパーク]]。	http://www.ashikaga.co.jp/images/noflash_03.jpg
万座温泉	'''万座温泉'''（まんざおんせん）は、[[群馬県]][[吾妻郡]][[嬬恋村]]干俣（ほしまた）（旧国[[上野国]]）にある[[上信越高原国立公園]]内、標高1,800mに位置する[[温泉]]。[[濁河温泉]]と並び通年自家用車で辿り着ける日本最高所の温泉である。近くには湯釜・洞釜・水釜の3つの爆裂火口湖がある。	http://img5.blogs.yahoo.co.jp/ybi/1/44/ff/greentrainandredcar/folder/1010715/img_1010715_14959342_1%3F1234098842
鑁阿寺	'''鑁阿寺'''（ばんなじ）は、[[栃木県]][[足利市]]家富町にある[[真言宗]]大日派の本山である。「'''足利氏宅跡（鑁阿寺）'''」（あしかがしたくあと（ばんなじ））として国の史跡に指定されている。[[日本100名城]]の一つ。	http://upload.wikimedia.org/wikipedia/ja/1/18/Bannanji-Temple(AshikagashiYakata)Sanmon.jpg
唐沢山神社	'''唐沢山神社'''（からさわやまじんじゃ）は[[栃木県]][[佐野市]]の[[唐沢山]]山頂にある[[神社]]。[[藤原秀郷]]を祀る。[[近代社格制度|旧社格]]は[[別格官幣社]]。	http://upload.wikimedia.org/wikipedia/commons/thumb/1/1b/Karasawayamajinja.JPG/250px-Karasawayamajinja.JPG
犬吠埼燈台	'''犬吠埼燈台'''（いぬぼうさきとうだい）は[[千葉県]][[銚子市]]のはずれ、[[犬吠埼]]の突端に立つ[[灯台]]である。周辺は[[水郷筑波国定公園]]の一部となり、[[太平洋]]に臨む景勝地。	http://toodai.cocolog-nifty.com/photos/uncategorized/2009/03/13/inubousaki1.jpg
鬼押出し・浅間園	'''鬼押出し・浅間園'''（おにおしだし・あさまえん）は、[[群馬県]][[吾妻郡]][[嬬恋村]][[大字]][[鎌原 (嬬恋村)|鎌原]]に位置する[[長野原町]]立の[[公園]]である。長野原町の観光施設事業として[[地方公営企業法]]が適用されている&lt;ref&gt;[http://www.town.naganohara.gunma.jp/reiki_int/reiki_honbun/e245RG00000417.html 長野原町公営企業の設置等に関する条例]&lt;/ref&gt;。条例に基づく名称は'''長野原町営浅間園'''。	http://www.asamaen.tsumagoi.gunma.jp/img/img_004.jpg
鬼怒川温泉	'''鬼怒川温泉'''（きぬがわおんせん）は、[[栃木県]][[日光市]]（旧[[下野国]]）の[[鬼怒川]]上流域にある[[温泉]]。かつては[[箱根温泉|箱根]]や[[熱海温泉|熱海]]と並んで「[[奥座敷#奥座敷の一覧|東京の奥座敷]]」と呼ばれ&lt;ref name=&quot;Shimo&quot;&gt;[http://www.shimotsuke.co.jp/news/tochigi/economics/news/20090630/167308 &quot;地域再生・鬼怒川温泉&quot;] - 下野新聞（2009年7月1日付）&lt;/ref&gt;、現在でも年間200万人以上&lt;ref name=&quot;Shimo&quot;/&gt;の観光客で賑わう。	http://img.travel.rakuten.co.jp/share/HOTEL/8643/8643.jpg
真岡鐵道	'''真岡鐵道株式会社'''（もおかてつどう）は、[[栃木県]]および[[茨城県]]で旧国鉄[[特定地方交通線]]を転換した鉄道路線[[真岡鐵道真岡線|真岡線]]を運営する[[第三セクター]][[鉄道事業者|鉄道会社]]である。栃木県と沿線自治体などが出資している。	http://rail.hobidas.com/guide/09_04_21_c12.jpg
電気街	'''電気街'''（でんきがい）は、主に電気製品・電機部品などを販売する[[小売|小売店]]が集中して存在する地域（[[商店街]]）。似た言葉として'''電脳街'''がある。	http://www.asahi-net.or.jp/~ia6t-tkhs/mc-sagase-akihabara.jpg
芦ノ湖	'''{{JIS2004フォント|芦}}ノ湖'''（あしのこ）は[[神奈川県]][[足柄下郡]][[箱根町]]にある、[[箱根山]]の[[堰止湖]]である。	http://www.hakone-ashinoko.net/_images/index/main_img/main_img_01.jpg
所沢航空記念公園	'''所沢航空記念公園'''（ところざわこううくうきねんこうえん）は、[[埼玉県]][[所沢市]]にある県営[[公園]]。「日本の航空発祥の地」として知られ、名称の由来となる。[[1978年]]（[[昭和]]53年）3月に開園し、「航空公園」の名で親しまれている。[[指定管理者制度]]により、財団法人[[埼玉県公園緑地協会]]・財団法人[[日本科学技術振興財団]]グループ&lt;ref&gt;[http://www.pref.saitama.lg.jp/site/kaikaku-shitei/shiteikanrisyaichiran.html 埼玉県指定管理者一覧]&lt;/ref&gt;が管理・運営を行っている。	http://1000enpark.com/park/saitama/tokorozawa/photo_kuukou/p_main.jpg
秩父夜祭	'''秩父夜祭'''（ちちぶよまつり）とは、12月1日から6日に開催される[[埼玉県]][[秩父市]]の[[秩父神社]]の[[例祭]]のこと。2日が宵宮、3日が大祭であり、提灯で飾り付けられた[[山車]]（笠鉾・屋台）の曳き回しや、冬の花火大会で知られる。大祭の3日の午後6時半頃に、秩父神社から1kmほど離れた[[御旅所]]に向けて御神幸行列が出発し、6台の笠鉾・屋台がそれに続く。御旅所下の団子坂を笠鉾・屋台が曳き上げられる頃にクライマックスを迎える。京都の[[祇園祭]]、飛騨の[[高山祭]]と並んで[[日本三大一覧#祭り|日本三大美祭及び日本三大曳山祭]]の一つに数えられる。	http://www.shunjinkai.or.jp/yataibayashi2/kisochishiki/migi-1.jpg
佐原の大祭	'''佐原の大祭'''（さわらのたいさい）は、[[千葉県]][[香取市]]（旧[[佐原市]]）佐原の市街地で行われる7月の本宿[[祇園祭]]と10月の新宿秋祭りの総称。	http://www.city.katori.lg.jp/05sightseeing/taisai/img/introduction/matsuri_aki_ph_00.gif
サツマイモ	'''サツマイモ'''（薩摩芋、学名: ''Ipomoea batatas''）は、[[ヒルガオ科]][[サツマイモ属]]の[[植物]]。あるいはその食用部分である[[根#特殊な根|塊根]]（養分を蓄えている肥大した根）。別名に、甘藷（かんしょ）、唐芋（からいも、とういも）、琉球薯（りゅうきゅういも）。仲間に、[[アサガオ]]や[[ヨウサイ]]（アサガオ菜）がある。	http://www.redpython.net/phfv003-s.jpg
朝市	'''朝市'''（あさいち）とは、決まった日の早朝に一か所に集まり、持ち寄った[[野菜]]や[[魚介類]]などを[[売買]]する[[市場|市]]（いち）のことをいう。一般に、[[駅前]]、[[峠]]、[[広場]]など人が集まるところで開催されることが多い。	http://www.wajimaonsen.com/miru/030/asa-8.jpg
桐生八木節まつり	'''桐生八木節まつり'''（きりゅうやぎぶしまつり、'''桐生まつり'''）は、[[群馬県]][[桐生市]]で開催される[[祭り]]である。[[八木節]]の名を冠しているが、元来、[[牛頭天王]]（[[スサノオ|素戔嗚尊]]）の祭礼であるため、'''桐生祇園祭'''（きりゅうぎおんまつり）とも称する。	http://gtia.jp/sub/tourist_img/801020/tourist.jpg
湯河原温泉	'''湯河原温泉'''（ゆがわらおんせん）は[[神奈川県]][[足柄下郡]][[湯河原町]]にある温泉。[[奥湯河原温泉]]、湯河原温泉、[[浜湯河原温泉]]、[[伊豆湯河原温泉]]&lt;ref&gt;伊豆湯河原は[[熱海市]]内でありながら熱海市街からは程遠く、湯河原温泉から約800mしか離れていないため、湯河原温泉の一部として扱われることが多い。&lt;/ref&gt;の総称としても用いる。	http://www.yugawara.or.jp/images/home/img_main3.jpg
下町	'''下町'''（したまち）とは、[[市街地]]の一部を区分して言う言葉で、複数の意味を有する。	http://blog-imgs-13.fc2.com/t/o/m/tomozoaruku/20071008101602.jpg
那須温泉郷	'''那須温泉郷'''（なすおんせんきょう）は、[[栃木県]][[那須郡]]（旧国[[下野国]]）[[那須町]]（一部は[[那須塩原市]]）に散在する[[温泉]]の総称（[[温泉郷]]）である。[[日光国立公園]]内の[[那須岳]]南麓に位置する。同じ那須岳南麓には[[皇室]]が静養に訪れる[[那須御用邸]]がある。	http://upload.wikimedia.org/wikipedia/ja/7/74/Nasuonsen_signboard.gif
高津戸峡	'''伊勢が淵'''、'''はね滝'''、'''[[ポットホール]]'''、また近年になって名付けられた'''ゴリラ岩'''、'''スケルトン岩'''などの奇勝が見られる。橋上から絶景を見おろす[[高津戸橋]]、高津戸峡のシンボルといえる[[はねたき橋]]などの橋が架かる。[[高津戸橋]]から[[はねたき橋]]にかけて[[遊歩道]]が整備されており、[[東毛]]地域を代表する[[新緑]]・[[紅葉]]の名所となっている。	http://www.city.midori.gunma.jp/kankoguide/ikou/images/takatudo4.jpg
赤城山	'''赤城山'''（あかぎさん、あかぎやま）は、[[関東地方]]の北部、[[群馬県]]のほぼ中央に位置し、[[太平洋プレート]]がオホーツクプレートに沈み込んでできた[[島弧]]型火山である。また、赤城山は、カルデラ湖を伴う[[カルデラ]]を持つ、関東地方で有数の[[火山|複成火山]]である。	http://upload.wikimedia.org/wikipedia/commons/thumb/c/c7/MountAkagi.jpg/300px-MountAkagi.jpg
横浜中華街	'''横浜中華街'''（よこはまちゅうかがい）は、[[神奈川県]][[横浜市]][[中区 (横浜市)|中区]][[山下町 (横浜市)|山下町]]一帯に所在するチャイナタウン（[[中華街]]）である。[[1955年]]以前は'''唐人町'''や'''南京町'''と呼ばれていた。[[華僑]]の出身地は[[広東省]]が比較的多いが、中国各地に分散している。上海路、中山路、福建路など、地名を冠した路地が交差しており、各路地には、当該地の出身者が多い。所在地である中区の[[中国人]]人口は6000人を超える。これは同区で登録されている[[日本の外国人|外国人]]の約4割にあたる。約0.2平方キロのエリア内に500店以上の店舗があり、日本最大かつ東アジア最大の中華街となっている。[[日本]]では、[[神戸南京町]]や[[長崎新地中華街]]とともに三大中華街とされる。[[1866年]]（[[慶応 (元号)|慶応]]2年）の横浜新田慰留地から数えると150年弱の歴史をもつことになる。	http://upload.wikimedia.org/wikipedia/commons/e/e7/Chinatown_in_Yokohama_10.jpg
浅間山	'''浅間山'''（あさまやま）は、[[長野県]][[北佐久郡]][[軽井沢町]]及び[[御代田町]]と[[群馬県]][[吾妻郡]][[嬬恋村]]との境にある[[安山岩]]質の[[標高]]2,568[[メートル|m]]の[[複合火山]]。[[円錐]]型をしている。世界でも有数の[[活火山]]として知られる。	http://upload.wikimedia.org/wikipedia/commons/8/81/Mt.Asama.jpg
鴨川シーワールド	'''鴨川シーワールド'''（かもがわシーワールド, '''Kamogawa Seaworld'''）は、[[千葉県]][[鴨川市]]の東条海岸と[[国道128号]]に挟まれて立地する大規模な[[水族館|総合海洋レジャーセンター]]・[[博物館]]相当施設である。[[グランビスタ ホテル&amp;リゾート]]が運営している。	http://web-aquarium.net/aquarium/img/kamogawa070.jpg
草津白根山	'''草津白根山'''（くさつしらねさん）は、[[群馬県]][[吾妻郡]][[草津町]]に位置する、[[標高]]2,160mの[[活火山]]。	http://upload.wikimedia.org/wikipedia/commons/f/f1/Kusatsu-Shiranesan01s5s4272.jpg
わたらせ渓谷鐵道	'''わたらせ渓谷鐵道株式会社'''（わたらせけいこくてつどう）は、[[群馬県]]・[[栃木県]]において[[特定地方交通線]]の足尾線を引き継いだ[[鉄道路線]][[わたらせ渓谷鐵道わたらせ渓谷線|わたらせ渓谷線]]を運営する[[第三セクター]]の[[鉄道事業者]]である。わたらせ渓谷鐵道では略称として「わてつ」を推奨しているが、雑誌などでは「わ鐵」と表記されることもあり、沿線住民には「わた渓」と呼ぶ者もいる。12の無人駅には公募のボランティア駅長「ふるさと駅長」がいる。	http://rail.hobidas.com/guide/archives/%25E3%2582%258F%25E3%2581%259F%25E3%2582%2589%25E3%2581%259B%25E6%25B8%2593%25E8%25B0%25B7%25E9%2590%25B5%25E9%2581%2593%25EF%25BC%258F%25E6%259C%25AC%25E5%25AE%25BF%25EF%25BD%259E%25E4%25B8%258A%25E7%25A5%259E%25E6%25A2%2585.jpg
古河橋	'''古河橋'''（ふるかわばし）は、[[栃木県]][[日光市]][[足尾町]]赤倉にある[[一級水系]][[利根川]]水系[[渡良瀬川]]の上流である松木川に架かる[[橋|道路橋]]である。	http://www.city.nikko.lg.jp/ashio_kankou/kankou/ashio/meisho/images/hurukawabashi01.gif
喜多院	'''喜多院'''（きたいん）は、[[埼玉県]][[川越市]]にある[[天台宗]]の[[寺院]]。山号は星野山（せいやさん）。[[良源]]（慈恵大師、元三大師とも）を祀り'''川越大師'''の別名で知られる。建物はほとんどが[[重要文化財]]に指定され、寺宝にも貴重な美術工芸品を多く有する。広大な境内は池や掘を廻らせた景勝地となっている。[[1月3日]]の初大師（[[だるま市]]）、[[節分]]、長月護摩講塔、[[七五三]]、菊祭りなど諸行事はもちろん、四季折々の行楽客で賑わう。境内にある[[五百羅漢]]の石像も有名である。	http://www.alpha-net.ne.jp/users2/kwg1840/ph/gazo2/ph0963.jpg
江の島	'''江の島'''（えのしま）は、[[神奈川県]][[藤沢市]]にある[[湘南海岸]]から[[相模湾]]へと突き出た[[陸繋島]]。また、同島全体を指した地名。[[片瀬 (藤沢市)|片瀬]]地区（旧[[片瀬町]]地域）に属する。一丁目と二丁目があり、全域が[[住居表示]]実施地域。[[郵便番号]]は251-0036。人口は409人&lt;ref name=jinkou&gt;[[2010年]]（平成22年）[[9月1日]]現在、[[国勢調査 (日本)|国勢調査]]を基準とした推計値による。藤沢市調べ。&lt;/ref&gt;。	http://enoshima-seacandle.jp/images/idxVisual1.jpg
山下公園	'''山下公園'''（やましたこうえん）は、[[神奈川県]][[横浜市]][[中区 (横浜市)|中区]][[山下町 (横浜市)|山下町]]にある[[公園]]（[[風致公園]]）。	http://upload.wikimedia.org/wikipedia/ja/e/e9/%25E5%25B1%25B1%25E4%25B8%258B%25E5%2585%25AC%25E5%259C%2592%25E3%2583%25A2%25E3%2583%258B%25E3%2583%25A5%25E3%2583%25A1%25E3%2583%25B3%25E3%2583%2588.jpg
西武ドーム	'''西武ドーム'''（せいぶドーム）は、[[日本]]の[[埼玉県]][[所沢市]]にある[[ドーム球場]]。[[日本プロ野球|プロ野球]]・[[埼玉西武ライオンズ]]が本拠地としている。施設は[[西武鉄道]]が所有し、西武レクリエーションが運営管理を行っている（一部メンテナンス業務は協栄などに外部[[委託]]）。ドーム化前の呼称は'''西武ライオンズ球場'''（せいぶライオンズきゅうじょう）。'''西武球場'''という通称表記も多く使用されていた。最寄り駅の駅名は1998年の球場のドーム化以後も[[西武球場前駅]]のままで、駅名が変更されていないこともあり、今でも「西武球場」と呼ぶ人も多い。	http://upload.wikimedia.org/wikipedia/commons/8/89/Seibu_Dome_September-10_2007-1.jpg
輪王寺	'''輪王寺'''（りんのうじ）は、[[栃木県]][[日光市]]にある[[寺院]]で、[[天台宗]]の[[門跡寺院]]である。創建は[[奈良時代]]にさかのぼり、近世には徳川家の庇護を受けて繁栄を極めた。[[明治]]初年の[[神仏分離令]]によって寺院と神社が分離されてからは、[[日光東照宮|東照宮]]、[[日光二荒山神社|二荒山神社]]とあわせて「二社一寺」と称されているが、近世まではこれらを総称して「[[日光山]]」と呼ばれていた。「輪王寺」は日光山中にある寺院群の総称でもあり、堂塔は広範囲に散在している。[[国宝]]、[[重要文化財]]など多数の文化財を所有し、[[徳川家光]]を祀った[[大猷院]]霊廟や本堂である三仏堂などの古建築も多い。境内は東照宮、二荒山神社の境内とともに「[[日光山内]]」として国の[[史跡]]に指定され、「[[日光の社寺]]」として[[世界遺産]]に登録されている。	http://upload.wikimedia.org/wikipedia/ja/3/32/Rinnoji_sanbutsudo.jpg
浅草寺	'''浅草寺'''（せんそうじ）とは、[[東京都]][[台東区]][[浅草]]二丁目にある東京都内最古の[[寺]]である。[[山号]]は金龍山。本尊は[[観音菩薩|聖観音菩薩]]（しょうかんのんぼさつ）。元は[[天台宗]]に属していたが[[第二次世界大戦後]]独立し、[[聖観音宗]]の[[総本山]]となった。観音菩薩を本尊とすることから「浅草観音」あるいは「浅草の観音様」と通称され、広く親しまれている。東京都内では、唯一の[[坂東三十三箇所|坂東三十三箇所観音霊場]]の札所（13番）である。[[江戸三十三箇所|江戸三十三箇所観音霊場]]の札所（1番）でもある。	http://upload.wikimedia.org/wikipedia/ja/2/23/%25E6%25B5%2585%25E8%258D%2589%25E5%25AF%25BA%25E9%259B%25B7%25E9%2596%2580.jpg
水戸黄門	'''水戸黄門'''（みとこうもん）は、[[中納言|権中納言]]であった[[江戸時代]]前期の[[水戸藩]]主・[[徳川光圀]]の別称であり、彼が世直しのために[[日本]]各地を漫遊したという物語の題名でもある。かつてはもっぱら『'''水戸黄門漫遊記'''』（みとこうもんまんゆうき）と呼ばれた。メディアとしては、[[講談]]・[[歌舞伎]]・[[演劇]]・[[小説]]・[[映画]]・[[テレビドラマ]]・[[漫画]]・[[アニメ]]などに広く及ぶ。	http://rekishi.maboroshi.biz/wp-content/uploads/2013/12/syodaimituukuni.jpg
袋田の滝	'''袋田の滝'''（ふくろだのたき）は、[[茨城県]][[久慈郡]][[大子町]]袋田にある[[滝]]。位置は、[[久慈川]]支流の滝川上流にあたり、長さ120m、幅73m。冬は「氷瀑」と呼ばれる、滝が凍結する現象が発生することがある。茨城県指定名勝。[[茨城県北ジオパーク]]のジオサイトの一つ。[[華厳滝]]、[[那智滝]]とともに[[日本三名瀑]]のひとつに挙げられる場合もあり、[[日本の滝百選]]にも選定されている。[[1990年]]（平成2年）に行われた[[日本の滝百選]]の人気投票では1位を取った。[[江戸時代]]は[[水戸藩]]の領地内であり、水戸黄門として知られる[[徳川光圀]]が訪れたことがあるとされる。	http://www.ibarakiguide.jp/info/wp-content/uploads/2013/01/thumb.php_.jpeg
筑波山	'''筑波山'''（つくばさん）は、[[関東地方]]東部の[[茨城県]][[つくば市]]北端にある標高877mの[[山]]。西側の'''男体山'''（標高871m）と東側の'''女体山'''（標高877m）からなる。雅称は'''紫峰'''（しほう）。'''筑波嶺'''（つくばね）ともいう。	http://upload.wikimedia.org/wikipedia/commons/8/87/Mt.Tsukuba.jpg
鹿沢温泉	'''鹿沢温泉'''（かざわおんせん）は、[[群馬県]][[吾妻郡]][[嬬恋村]]（旧国[[上野国]]）にある[[温泉]]。	http://www.gunjion1000.com/wp-content/uploads/2010/05/kazawa2-480x336.jpg
中禅寺湖	'''中禅寺湖'''（ちゅうぜんじこ）は[[栃木県]][[日光市]]の[[日光国立公園]]内にある[[湖沼|湖]]。[[日本]]の湖沼では25番目の面積規模を有する。	http://upload.wikimedia.org/wikipedia/commons/8/8a/Mount_nantai_and_lake_chuzenji.jpg
横浜みなとみらい21	'''横浜みなとみらい21'''（よこはまみなとみらい21、Minato Mirai 21）は、[[神奈川県]][[横浜市]]の[[西区 (横浜市)|西区]]と[[中区 (横浜市)|中区]]にまたがり&lt;ref group=&quot;注&quot;&gt;西区では[[みなとみらい]]、[[高島 (横浜市)|高島]]の一部、中区では[[新港 (横浜市)|新港]]、[[桜木町]]の一部、[[海岸通 (横浜市)|海岸通]]の一部（[[象の鼻パーク]]のみ）が当地区に含まれている。&lt;/ref&gt;[[横浜港]]に面している地域である。略称は、「'''みなとみらい21'''」、「'''みなとみらい'''」、「'''MM21'''」など。[[都市景観100選]]受賞地区。さらに細かい区分として、[[横浜ランドマークタワー|ランドマークタワー]]や[[日産自動車グローバル本社|日産本社ビル]]などがあり[[オフィスビル]]開発を推進する「中央地区」と[[横浜赤レンガ倉庫|赤レンガ倉庫]]や[[よこはまコスモワールド|コスモワールド]]&lt;ref group=&quot;注&quot;&gt;観覧車「[[コスモクロック21]]」などがあるみなとみらいの15街区に該当する。なお、コスモワールドは中央地区にあたる同23街区にまたがって運営されている。&lt;/ref&gt;などがある「[[新港 (横浜市)|新港地区]]」、[[そごう横浜店|そごう]]や[[横浜スカイビル|スカイビル]]がある68街区の「[[横浜駅]]東口地区」（出島地区）に分けられる&lt;ref name=&quot;toshi-kaihatsujokyozu&quot; /&gt;。面積は1.86 [[平方キロメートル|km&amp;sup2;]] （186[[ヘクタール|ha]]）、そのうち[[埋立地|埋め立て部]]は0.76 km&amp;sup2; （76ha）である。みなとみらい中央地区の広範囲における町名、住所表記としても'''[[みなとみらい]]'''が使用されている。また、[[2009年]]4月に設立された'''一般社団法人横浜みなとみらい21'''は、同地域における土地や建物の所有者、施設の管理・運営者などによって構成され、街づくりの企画・調整、[[プロモーション]]活動などを行なっている&lt;ref&gt;[http://www.minatomirai21.com/aboutus/ 一般社団法人横浜みなとみらい21のご案内]（横浜みなとみらい21公式ウェブサイト）&lt;/ref&gt;。前身は横浜市、神奈川県、独立行政法人[[都市再生機構]]（旧：都市基盤整備公団）、地権者、地元経済界の出資により作られた[[第三セクター]]の'''株式会社横浜みなとみらい21'''（同年3月解散）である。横浜みなとみらい21（MM21）区域は、横浜市における[[都心]]（ツインコア）の一つである'''横浜都心'''に指定されている&lt;ref&gt;{{PDFlink|[http://www.city.yokohama.lg.jp/toshi/kikaku/cityplan/master/kaitei/kaitei/pdf/kaiteiplan.pdf 横浜市都市計画マスタープラン（全体構想）]}}平成25年&lt;small&gt;（2013年）&lt;/small&gt;3月発行。編集・発行、横浜市都市整備局企画部企画課。&lt;/ref&gt;。[[ファイル:MinatoMirai21.jpg|thumb|280px|みなとみらい21全景（2010年8月）]][[ファイル:070203 MM21&amp;FUJI.jpg|thumb|280px|みなとみらい21と[[富士山]]の夕景（2007年2月）]][[ファイル:Minato Mirai In Blue.jpg|thumb|280px|みなとみらい21の夜景]]	http://upload.wikimedia.org/wikipedia/commons/c/c1/MinatoMirai21.jpg
天体の出没	'''天体の出没'''（てんたいのしゅつぼつ）とは、天体が[[地平線]]（または[[水平線]]）の上に現れること、および、下に隠れることである。一般に、天体の出没の時刻は、その天体の中心が地平線と重なった瞬間とする（太陽を除く）。	http://ecx.images-amazon.com/images/I/5165JB73MHL._SL500_AA300_.jpg
袋田温泉	'''袋田温泉'''（ふくろだおんせん）は、[[茨城県]][[久慈郡]][[大子町]]（旧[[常陸国]]）にある[[温泉]]。	http://upload.wikimedia.org/wikipedia/commons/2/23/%25E8%25A2%258B%25E7%2594%25B0%25E6%25B8%25A9%25E6%25B3%2589.jpg
足利学校	'''足利学校'''（あしかががっこう）は、[[下野国]][[足利庄]]（現・[[栃木県]][[足利市]]）にあった、[[平安時代]]初期、もしくは[[鎌倉時代]]に創設されたと伝えられる[[中世]]の高等教育機関。[[室町時代]]から[[戦国時代 (日本)|戦国時代]]にかけて、[[関東地方|関東]]における事実上の最高学府であった。&lt;ref&gt;[http://www.tokyo-hachioji-probusclub.jp/ashikaga-school.pdf 足利学校]。2010年5月26日閲覧。&lt;/ref&gt;	http://www.city.ashikaga.tochigi.jp/uploaded/image/18070.jpg
羊山公園	'''羊山公園'''（ひつじやまこうえん）は、[[埼玉県]][[秩父市]]大宮にある[[公園]]。一面に[[シバザクラ|芝桜]]が植えられた「芝桜の丘」で知られ、毎年4月上旬から5月上旬の開花時期には多くの観光客でにぎわう。	http://upload.wikimedia.org/wikipedia/ja/thumb/8/8c/Chichibu_Hitsujiyama_Park_Phlox_Hill_1.JPG/1280px-Chichibu_Hitsujiyama_Park_Phlox_Hill_1.JPG
殺生石	'''殺生石'''（せっしょうせき）は、[[栃木県]][[那須町]]の[[那須湯本温泉]]付近にある[[溶岩]]。付近一帯には[[硫化水素]]、[[二酸化硫黄|亜硫酸ガス]]などの有毒ガス&lt;!--や[[砒素]]などの有毒物質--&gt;がたえず噴出しており、「鳥獣がこれに近づけばその命を奪う、殺生の石」として古くから知られている。現在は観光名所となっており、観光客も多く訪れる。ただし、ガスの排出量が多い場合は立ち入りが規制される。	http://www.bashouan.com/YNs_Photo/y_s22.jpg
前川あやめ園	'''前川あやめ園'''（まえかわ あやめえん）は、[[茨城県]][[潮来市]]にある[[公園]]である。毎年6月に行われる[[水郷潮来あやめまつり]]大会のメイン会場。[[1976年]]（昭和51年）に開園した。	http://www.nihon-kankou.or.jp/hana/detail/flowerimg/H06080300.jpg
潮来祇園祭禮	'''潮来祇園祭禮'''（いたこぎおんさいれい）は、[[茨城県]][[潮来市]]で開催される[[祭|祭り]]である。[[元禄]]年間(1688～1704) [[徳川光圀]]の命により天王山に当神社が遷宮され山車が奉納されたことに始まる。素鵞熊野神社（通称天王様）の[[例祭|例大祭]]で、[[祇園祭]]の一つ｡毎年8月の第一金･土･日の3日間開催される｡この3日間は閑静な町が祭の熱気に包まれ､14台の勇壮な[[山車]]が町中を練り歩く｡それぞれの山車の上には身の丈4メートル以上ある歴史上の人物などの大人形が飾られ､大天井が目前を行く様には圧倒される｡山車の形は[[佐原の大祭]]の流れを汲む佐原型山車である。平成22年(2010年)より毎年8月の第一金・土･日の3日間開催されるようになる。山車に乗った芸座連による潮来ばやしと、14台の山車のうちの上壹丁目・下壹丁目・四丁目(天王町)の3台が、それぞれ[[茨城県指定文化財一覧#民俗文化財|茨城県の無形民俗文化財]]、有形[[民俗文化財]]に指定されている。	http://p.twimg.com/AzyIQ-OCAAEZHay.jpg
サーフィン	'''サーフィン'''（{{lang-en-short|surfing, surfin'}}）は、[[ウォータースポーツ]]の一つ。'''波乗り'''ともいう。[[#ボード|サーフボード]]の上に立ち、[[波]]が形成する斜面を滑走する。サーフィンをする人のことを'''サーファー'''（''surfer''）と言う。	http://surfing.cyapo.com/images/nami-photo102.jpg
日光の社寺	'''日光の社寺'''（にっこうのしゃじ）は、[[栃木県]][[日光市]]にある[[寺社]]などから構成される[[国際連合教育科学文化機関|ユネスコ]]の[[世界遺産]]である。'''日光山内'''（にっこうさんない）、'''二社一寺'''（にしゃいちじ）とも称される。	http://bunka.nii.ac.jp/jp/world/images/h08_photo-main.jpg
日光杉並木	'''日光杉並木'''（にっこうすぎなみき）は、[[日光街道]]、[[日光例幣使街道]]、[[会津西街道]]の3[[街道]]に跨がる[[スギ]]の[[並木道]]。'''日光杉並木街道'''（にっこうすぎなみきかいどう）とも呼ばれる。	http://upload.wikimedia.org/wikipedia/commons/f/f6/Cedar_Avenue_of_Nikko_aerial_photograph.JPG
鬼押出し園	'''鬼押出し園'''（おにおしだしえん）は、[[群馬県]][[吾妻郡]][[嬬恋村]]にある[[公園]]であり、一帯は[[1783年]]（[[天明]]3年）におきた[[浅間山]]の[[噴火]]の際に流れ出た[[溶岩]]である。園内には[[東京]][[上野]]の[[寛永寺]]の別院である浅間山観音堂が設置されている。経営母体は株式会社プリンスホテル。	http://www.princehotels.co.jp/amuse/onioshidashi/imgs/index_thum01_b.jpg
浅草花やしき	'''浅草花やしき'''（あさくさはなやしき）は、[[東京都]][[台東区]][[浅草]]二丁目28番1号にある[[遊園地]]。[[1853年]]（[[嘉永]]6年）開園で、[[日本]]最古の遊園地とされる。ただし、一度取り壊された後、[[1947年]]（[[昭和]]22年）に復活した経緯があるため、断絶のない歴史としては前身も含めて[[1912年]]（[[大正]]元年）開業とされる[[ひらかたパーク]]の方が長い。敷地面積5800m&amp;sup2;。国産初、日本で現存最古の[[ローラーコースター]]がある。現在は[[ナムコ]]の子会社である株式会社'''花やしき'''が運営している。	http://upload.wikimedia.org/wikipedia/ja/7/76/%25E6%25B5%2585%25E8%258D%2589%25E8%258A%25B1%25E3%2582%2584%25E3%2581%2597%25E3%2581%258D_02.jpg
男体山	'''男体山'''（なんたいさん）は[[栃木県]][[日光市]]にある[[高さ#地理|標高]]2,486mの[[火山]]。山体は[[日光国立公園]]に属す。[[日本百名山]]のひとつ。	http://upload.wikimedia.org/wikipedia/commons/8/8a/Mount_nantai_and_lake_chuzenji.jpg
アメヤ横丁	'''アメヤ横丁'''（アメヤよこちょう）は、[[日本]]の一[[地名]]&lt;!--WP:POV--&gt;。[[東京都]][[台東区]]の[[東日本旅客鉄道|JR東日本]]・[[御徒町駅]] - [[上野駅]]間の[[山手線]]の[[高架橋]]西側と[[高架下]]に沿った長に伸びる[[商店街]]を指す。正式名称は'''アメ横商店街連合会'''（アメよこ しょうてんがい れんごうかい）であるが、アメヤ横丁のほか、'''アメ横'''（アメよこ）、'''上野アメ横'''（うえのアメよこ）、'''アメ横商店街'''（アメよこ しょうてんがい）などと通称されることが多く、商店街の[[看板]]にも「アメ横」と表示されているものがある。街並みの規模は、およそ400[[メートル]]。現在（[[2010年]]（[[平成]]22年）時）、400軒以上の[[店|店舗]]で構成されている。	http://upload.wikimedia.org/wikipedia/commons/6/61/Ameya-yokocho01s5s3200.jpg
長瀞町	'''長瀞町'''（ながとろまち）は[[埼玉県]][[秩父郡]]にある人口約8千人の[[町]]。[[長瀞渓谷]]をはじめとする数々の[[観光]]名所を有し、「秩父の赤壁」「関東の耶馬溪」という別名を持つ&lt;ref&gt;[[池内紀]]『文学フシギ帖』（岩波新書）31P&lt;/ref&gt;。[[皆野町]]との合併が検討され、合併調印締結の一歩手前の段階まで協議が進んでいたが、唯一新町名で折り合いがつかず、2005年3月31日に「皆野町・長瀞町合併協議会」は解散となった。「長瀞」の正式な字体は[[ファイル:長瀞.png|50px]]である（[[#その他|後述]]）。	http://upload.wikimedia.org/wikipedia/commons/thumb/2/2c/Nagatoro2.jpg/280px-Nagatoro2.jpg
温泉	'''温泉'''（おんせん）は、[[地中]]から[[湯]]が湧き出す現象や湯となっている状態、またはその場所を示す用語である。その湯を用いた[[入浴]]施設も一般に温泉と呼ばれる。[[人工温泉]]と対比して「天然温泉」と呼ぶ場合もある。熱源で分類すると、[[火山]]の地下の[[マグマ]]を熱源とする火山性温泉と、火山とは無関係の非火山性温泉に分けられる。含まれる成分により、さまざまな色、匂い、効能の温泉がある。'''広義の温泉（法的に定義される温泉）'''：日本の[[温泉法]]の定義では、必ずしも[[水]]の温度が高くなくても、普通の水とは異なる天然の特殊な水（[[鉱泉|鉱水]]）や[[火山ガス|ガス]]が湧出する場合に温泉とされる（[[#温泉の定義|温泉の定義]]参照）。温泉が本物か否かといわれるのは、[[温泉法]]の定義にあてはまる「法的な温泉」であるのかどうかを議論する場合が一般的である（イメージに合う合わないの議論でも用いられる場合がある）。アメリカでは21.1度、ドイツでは20度以上と定められている。	http://www.shinshuu-hakuba.com/onsen/wp-content/uploads/2011/03/10_00.jpg
足利花火大会	'''足利花火大会'''（あしかがはなびたいかい）は、[[栃木県]][[足利市]]の[[渡良瀬川]][[河川敷]]で開催される花火大会である。通常は毎年8月第1土曜日に開催される大会を指すが、春・秋に開催される小規模な大会についても本項で扱う。	http://www.city.ashikaga.tochigi.jp/uploaded/image/15455.JPG
剱埼灯台	'''剱埼灯台'''（つるぎさきとうだい）は、[[神奈川県]][[三浦市]]東部、[[剱崎]]突端に立つ白亜塔形の大型[[灯台]]である。1866年、アメリカ、イギリス、フランス、オランダの4ヶ国と結んだ「改税条約」（[[江戸条約]]）によって[[江戸幕府]]が建設を約束した8ヶ所の灯台（[[灯台#江戸条約の灯台|条約灯台]]）の一つ。設計は「灯台の父」と呼ばれる[[お雇い外国人]][[リチャード・ブラントン]]が担当し、当初は石造であった。現在使用されている灯台はコンクリート造で、[[関東地震]]（[[関東大震災]]）の後に再建された2代目のもの。[[三浦半島]]南東端に位置しており、[[浦賀水道]]・[[相模灘]]を照らす。剱崎から南南東に位置する[[館山市]][[洲崎 (千葉県)|洲崎]]（[[洲埼灯台]]）までを結ぶ線が浦賀水道（[[東京湾]]）と太平洋の境界となっている&lt;ref&gt;国際航海船舶及び国際港湾施設の保安の確保等に関する法律施行規則第3条第1号、船舶油濁損害賠償保障法施行規則第11条第1号、海上交通安全法施行令第1条、海洋汚染等及び海上災害の防止に関する法律施行規則第33条の6第2号（剱埼灯台は「剣埼灯台」表記）&lt;/ref&gt;。周辺は岩礁が発達し、対岸に[[房総半島]]を望む風光明媚な地である。	http://upload.wikimedia.org/wikipedia/ja/thumb/e/e7/Turugi19.jpg/300px-Turugi19.jpg
勝浦海中公園	'''勝浦海中公園'''（かつうらかいちゅうこうえん）は[[千葉県]][[勝浦市]]にある[[海域公園]]（旧称：海中公園）で、[[南房総国定公園]]のなかに位置している。[[File:katsuura_kaichutenboutou.jpg|thumb|200px|海中展望塔]]勝浦海中公園は[[1974年]]6月に指定され、40番目の海中公園となった。付近一帯は[[リアス式海岸]]であるため、岩場が多く、[[ウニ]]や[[アワビ]]などが生息している。公園内には海中展望塔を中心に海の博物館（[[千葉県立中央博物館]]分館）や[[レストラン]]などの施設がある。[[ニッポン放送]]でオンエアされている[[コマーシャル|CM]]では『[[ジョーズ]]接近中、[[乙姫]]様接近中』というコピーが使われている。	http://missaoyama2009.camcolle.jp/blog/media/227/20090915-1252979999.JPG
サブカルチャー	'''サブカルチャー''' (subculture) とは、[[メインカルチャー|主流文化]]に対し、一部の集団（一例として若者）だけを担い手とする独特の文化である。副次文化ないし下位文化とも訳される。	http://www.sg-u.ac.jp/download.rbz%3Fcmd%3D50%26cd%3D394%26tg%3D0
門前町	'''門前町'''（もんぜんまち）とは、有力な[[寺院]]・[[神社]]の周辺に形成された町のこと。大規模で多くの参詣者を集める神社や寺院の前に、社寺関係者および参拝客を相手にする[[商工業]]者が集まることによって形成される。	http://www.sakamotoya.gr.jp/my_first_blog/monzen.jpg
長瀞渓谷	'''長瀞渓谷'''（ながとろけいこく）は、[[埼玉県]][[秩父郡]][[長瀞町]]に位置する、[[荒川 (関東)|荒川]]上流部の[[渓谷]]。[[国]]指定の[[名勝]]・[[天然記念物]]（[[1924年]]（大正13年）[[12月9日]]指定、「[[長瀞]]」）。県立長瀞玉淀自然公園。全長約6km。	http://upload.wikimedia.org/wikipedia/commons/thumb/2/2c/Nagatoro2.jpg/260px-Nagatoro2.jpg
栃木県なかがわ水遊園	'''栃木県なかがわ水遊園'''（とちぎけんなかがわすいゆうえん）は、[[栃木県]][[大田原市]]佐良土（さらど：旧[[湯津上村]]）の[[那珂川]]の畔にある[[栃木県]]水産試験場に併設された[[淡水魚]][[水族館]]及び関連する[[公園]]である。	http://upload.wikimedia.org/wikipedia/ja/8/84/20090421%25E6%25A0%2583%25E6%259C%25A8%25E7%259C%258C%25E3%2581%25AA%25E3%2581%258B%25E3%2581%258C%25E3%2582%258F%25E6%25B0%25B4%25E9%2581%258A%25E5%259C%2592.jpg
華厳滝	'''華厳の滝'''（けごんのたき）は、[[栃木県]][[日光市]]にある[[滝]]。発見者は[[勝道]]上人と伝えられ、[[仏教]]経典の1つである[[華厳経]]から名づけられたといわれる。[[#華厳渓谷|華厳渓谷]]周辺では他に阿含滝、方等滝、般若滝、涅槃滝もあることから、[[教相判釈#五時八教説（天台）|五時の教判]]から、それらと同様に命名されたものと考えられている&lt;ref name=&quot;日光観光協会1998_p123&quot;&gt;{{Harvnb|日光観光協会|1998|Ref=CITE_日光観光協会1998|p=123|loc=[http://www.nikko-jp.org/perfect/chuzenji/kegonnotaki.html 華厳ノ滝]}}&lt;/ref&gt;&lt;ref name=&quot;奥村2000_p79&quot;&gt;{{Harvnb|奥村|2000|Ref=CITE_奥村2000|p=79}}&lt;/ref&gt;。	http://upload.wikimedia.org/wikipedia/commons/d/d7/Kegon_falls_nikko_2006-11-04.jpg
桐生天満宮	'''桐生天満宮'''（きりゅうてんまんぐう）は、[[群馬県]][[桐生市]][[天神町 (桐生市)|天神町]]にある[[神社]]（[[天満宮]]）である。	http://www.kiryutenjin.jp/img/top/pic-top1.jpg
水上温泉郷	'''水上温泉郷'''（みなかみおんせんごう）とは、[[群馬県]][[利根郡]][[みなかみ町]]（旧国[[上野国]]）にある温泉の総称（[[温泉郷]]）。昔は「奥利根温泉郷」と呼ばれていた。[[利根川]]の最上流部にあり、[[谷川岳]]の麓に位置している。どの温泉からも、渓谷と山々が見晴らせる。&lt;!--泉質はナトリウム・カルシウム硫酸塩泉・単純泉、40～50℃。（どこの温泉の泉質か不明のため一旦コメントアウト--&gt;	http://upload.wikimedia.org/wikipedia/commons/thumb/a/ac/20080313-Minakami.jpg/260px-20080313-Minakami.jpg
小田原城	'''小田原城'''（おだわらじょう）は、[[神奈川県]][[小田原市]]にあった、[[戦国時代 (日本)|戦国時代]]から[[江戸時代]]にかけての[[平山城]]で、[[後北条氏|北条氏]]の本拠地として有名である。江戸時代には[[小田原藩]]の藩庁があった。城跡は国の[[史跡]]に指定されている。	http://upload.wikimedia.org/wikipedia/commons/9/99/ODAWARA-CASTLE.JPG
浅草公園六区	'''浅草公園六区'''（あさくさこうえん ろっく）は[[東京都]][[台東区]][[浅草]]にある日本の[[歓楽街]]である。通称'''浅草六区'''。[[1884年]]（[[明治]]17年）以来の名称である。	http://upload.wikimedia.org/wikipedia/commons/9/99/Asakusa_Rokku.jpg
長野原町	'''長野原町'''（ながのはらまち）は、[[群馬県]]の北西部にある[[町]]である。[[吾妻郡]]西部の中心地。	http://upload.wikimedia.org/wikipedia/ja/thumb/d/d3/%25E5%259F%25BA%25E7%25A4%258E%25E8%2587%25AA%25E6%25B2%25BB%25E4%25BD%2593%25E4%25BD%258D%25E7%25BD%25AE%25E5%259B%25B3_10424.svg/307px-%25E5%259F%25BA%25E7%25A4%258E%25E8%2587%25AA%25E6%25B2%25BB%25E4%25BD%2593%25E4%25BD%258D%25E7%25BD%25AE%25E5%259B%25B3_10424.svg.png
仙石原	'''仙石原'''（せんごくはら、せんごくばら）は[[神奈川県]][[足柄下郡]][[箱根町]]の地名。[[郵便番号]]は250-0631。[[ススキ]]の[[草原]]や[[仙石原温泉]]で知られる。	http://aturyoku-kamayann.cocolog-nifty.com/blog/files/R0017064.JPG
中津峡_(埼玉県)	'''中津峡'''（なかつきょう）は、[[埼玉県]][[秩父市]]（旧[[秩父郡]][[大滝村 (埼玉県)|大滝村]]）、[[奥秩父山塊|奥秩父]]北東部に位置する[[渓谷]]。[[紅葉]]で有名な[[渓谷]]で、見頃は11月上旬あたり。[[荒川 (関東)|荒川]]上流の[[中津川 (埼玉県)|中津川]]（[[十文字峠]]を源流とする）の渓谷で、長さ10km、断崖の高さ100mの大きさ。中津川渓谷ともいう。標高約600m。[[木|樹木]]は[[漆|ウルシノキ]]、[[ナナカマド]]、[[カエデ|モミジ]]などが観賞できる。埼玉県指定名勝であり、[[観光地]]として、渓流[[釣り]]（[[イワナ]]、[[マス]]、[[ヤマメ]]など）、[[山菜]]採り、[[紅葉]]狩り、[[クリ|栗]]拾いが楽しめる。[[キャンプ]]場、[[サッカー]]や[[ソフトボール]]が出来るグラウンド、日帰り[[温泉]][[入浴]]施設（遊湯館）などがある。[[平賀源内]]設計の[[住宅|住居]]「源内居」、体験型[[学習]]施設「彩の国ふれあいの森」（宿泊施設あり、[[炭]]焼きなどを体験できる）などがある。	http://upload.wikimedia.org/wikipedia/commons/thumb/2/2f/Nakatsu_in_Autumn.JPG/280px-Nakatsu_in_Autumn.JPG
鬼怒沼	'''鬼怒沼'''（きぬぬま）は、[[栃木県]][[日光市]]にある[[高層湿原]]である&lt;ref&gt;[[環境省]][[日本の重要湿地500]]。&lt;/ref&gt;。標高は2020m前後。	http://upload.wikimedia.org/wikipedia/ja/b/b6/Kinunumayama.jpg
鎌倉五山	'''鎌倉五山'''（かまくらござん）とは、[[禅宗]]の[[寺格]]。	http://www.kamakura-burabura.com/kamakuragozanngif
奥鬼怒温泉郷	'''奥鬼怒温泉郷 '''（おくきぬおんせんきょう）は、[[栃木県]][[日光市]]（旧国[[下野国]]）川俣にある[[温泉]]の総称（[[温泉郷]]）である。温泉郷のエリアは、一般に[[女夫渕温泉]]より先のエリアを指す。[[鬼怒川]]の源流部付近にあり、[[鬼怒沼]]、[[尾瀬]]への登山客の利用も多い。	http://livedoor.blogimg.jp/tabinozasshi/imgs/e/4/e411d2d1.JPG
箱根温泉	'''箱根温泉'''（はこねおんせん）は[[神奈川県]][[足柄下郡]][[箱根町]]（旧国[[相模国]]）にある[[温泉]]の総称。[[箱根山|箱根火山]]の麓から中腹まで、あちこちに[[温泉街]]が点在している。付近は[[富士箱根伊豆国立公園]]に指定されている。	http://www.hakone-mikawaya.com/img/main.jpg
鶴岡八幡宮	'''鶴岡八幡宮'''（つるがおか はちまんぐう）は、[[神奈川県]][[鎌倉市]]にある[[神社]]。[[近代社格制度|旧社格]]は[[国幣中社]]で、現在は[[神社本庁]]の[[別表神社]]。別称として'''鎌倉八幡宮'''とも呼ばれる。[[河内源氏|武家源氏]]、鎌倉武士の守護神。鎌倉初代将軍[[源頼朝]]ゆかりの神社として全国の八幡社の中では知名度が高く、近年では'''[[八幡神#三大八幡|三大八幡宮]]'''の一社に入ることがある&lt;ref group=&quot;注釈&quot; &gt;俗に三大八幡とは「大分の[[宇佐神宮]]・京都の[[石清水八幡宮]]」に「福岡の[[筥崎宮]]」または当社のいずれかを合わせた三社を指す。幕末から明治期の資料では、[[1868年]]（[[慶応]]4年）[[4月24日 (旧暦)|4月24日]]付け太政官達に示す八幡宮の例示3社（田中恆清『謎多き神　八幡神のすべて』 p.198 新人物往来社、2010年、ISBN 4404038291。[http://www.d1.dion.ne.jp/~s_minaga/s_tatu.htm 神仏分離令]）として官幣大社に列せられている3社は「宇佐・石清水・筥崎」であるが、近年発行された書籍中では「宇佐・石清水・鶴岡」を八幡神社の代表例としている（『全国八幡神社名鑑（別冊歴史読本―神社シリーズ (99)）』新人物往来社、2004年、ISBN 4404030991。白井永二、土岐昌訓『神社辞典』東京堂出版、1997年、ISBN 449010474X。）&lt;/ref&gt;。境内は国の[[史跡]]に指定されている。	http://upload.wikimedia.org/wikipedia/commons/5/5e/TsurugaokaHachiman-M8867.jpg
雷門	'''雷門'''（かみなりもん）は、[[浅草寺]]の山門。[[東京都]][[台東区]][[浅草]]一丁目2番 - 3番地に位置する。正式の名称は、'''風雷神門'''（ふうらいじんもん）。	http://upload.wikimedia.org/wikipedia/ja/2/23/%25E6%25B5%2585%25E8%258D%2589%25E5%25AF%25BA%25E9%259B%25B7%25E9%2596%2580.jpg
合羽橋	'''合羽橋'''（かっぱばし）とは、[[台東区]]西浅草 - 松が谷地区にある、[[食器]]具・包材・[[調理器具]]・[[食品サンプル]]・[[食材]]・調理[[衣装]]などを一括に扱う[[道具]]専門の[[問屋街]]の事である。'''日本一の道具街'''であり、'''かっぱ橋'''、'''合羽橋道具街'''、'''かっぱ橋道具街&lt;ref&gt;[[東京合羽橋商店街振興組合]]が発行する『さがしやすい かっぱ橋道具街 業種別 便利マップ 2009.4』より。&lt;/ref&gt;'''とも呼ばれる。[[河童]]をマスコットにしているが、「河童橋」ではない。__TOC__{{-}}	http://www.kappabashi.or.jp/home/img/access_map2.gif
榛名山	'''榛名山'''（はるなさん）は、[[関東地方]]の北部の[[群馬県]]にある[[上毛三山]]の一つであり、古来山岳信仰を受けてきた山である。山の南西麓に[[榛名神社]]が祀られている。	http://www8.wind.ne.jp/yumeji/img/harunasanmappu2.jpg
那須町	'''那須町'''（なすまち）は、[[栃木県]]北東部に位置し、[[那須郡]]に属する[[市町村|町]]である。	http://upload.wikimedia.org/wikipedia/commons/d/dd/Nasu_chausudake.jpg
水郷佐原水生植物園	'''水郷佐原水生植物園'''（すいごうさわらすいせいしょくぶつえん）は、[[千葉県]][[香取市]]にある市営の[[植物園]]で、水郷地帯を代表する観光施設。[[1969年]]（昭和44年）に開園した。	http://www.city.katori.lg.jp/suisei-syokubutsuen/img/data/access-001.jpg
日光湯元温泉	'''日光湯元温泉'''（にっこうゆもとおんせん）は、[[栃木県]][[日光市]]&lt;ref&gt;旧国名・[[下野国]]。&lt;/ref&gt;[[奥日光]]の[[湯ノ湖]]畔、[[金精峠]]の麓にある[[温泉]]。	http://upload.wikimedia.org/wikipedia/commons/b/b4/Yumoto,_Nikko_National_Park,_Tochigi,_Japan.jpg
田中正造	'''田中 正造'''（たなか しょうぞう、[[天保]]12年[[11月3日 (旧暦)|11月3日]]（[[1841年]][[12月15日]]） - [[1913年]]（[[大正]]2年）[[9月4日]]）は、[[日本]]の[[政治家]]。日本初の公害事件と言われる[[足尾銅山鉱毒事件]]を告発した政治家として有名。[[衆議院議員総選挙|衆議院議員選挙]]に当選6回。幼名、'''兼三郎'''。[[下野国]]安蘇郡小中村（現・[[栃木県]][[佐野市]]小中町）出身。	http://www8.plala.or.jp/kawakiyo/p_tanaka.jpg
太平山_(栃木県)	'''太平山'''（おおひらさん）は、[[栃木県]]南部の[[栃木市]]にある[[山]]である。341メートルの小さな山だが、歴史のある山である。旧[[大平町]]（現在の栃木市大平地域）は「大」と書くのに対し太平山は「太」と書く。これは、旧大平村が合併発足したときに、「太」の字が4画であったため忌避したのが原因と言われている。	http://www.ohirasanjinja.rpr.jp/image/main03.jpg
みどり市	'''みどり市'''（みどりし）は[[群馬県]]東部に位置する[[市]]である。群馬県内では[[1958年]]の[[安中市]]以来、48年ぶりに誕生した市である。	http://upload.wikimedia.org/wikipedia/ja/archive/b/ba/20090602133656!%25E5%259F%25BA%25E7%25A4%258E%25E8%2587%25AA%25E6%25B2%25BB%25E4%25BD%2593%25E4%25BD%258D%25E7%25BD%25AE%25E5%259B%25B3_10212.svg
谷川岳	'''谷川岳'''（たにがわだけ）は[[群馬県|群馬]]・[[新潟県|新潟]]の県境にある[[三国山脈]]の[[山]]である。[[日本百名山]]のひとつ。周囲の[[万太郎山]]・[[仙ノ倉山]]・[[茂倉岳]]などを総じて'''谷川連峰'''という。	http://upload.wikimedia.org/wikipedia/ja/e/e1/Tanigawadake.jpg
日光二荒山神社	'''日光二荒山神社'''（にっこうふたらさんじんじゃ）は、[[栃木県]][[日光市]]にある[[神社]]。[[延喜式神名帳|式内社]]（[[名神大社]]）[[論社]]、[[下野国]][[一宮]]。[[近代社格制度|旧社格]]は[[国幣中社]]で、現在は[[神社本庁]]の別表神社。正式名称は「'''二荒山神社'''」であるが、[[宇都宮市]]の[[宇都宮二荒山神社|二荒山神社（宇都宮二荒山神社）]]との区別のために地名を付して「日光二荒山神社」と呼ばれる。古くは「'''日光三社権現'''」と称された&lt;ref name=&quot;地名&quot;/&gt;。[[国際連合教育科学文化機関|ユネスコ]]の[[世界遺産]]に「[[日光の社寺]]」の1つとして登録されている。	http://upload.wikimedia.org/wikipedia/commons/e/ed/Nikko_Futarasan_Jinja_M3292.jpg
日光東照宮	'''日光東照宮'''（にっこうとうしょうぐう）は、[[日本]]の[[関東地方]]北部、[[栃木県]][[日光市]]に所在する[[神社]]。[[江戸幕府]]初代将軍・[[徳川家康]]を[[神格化]]した'''東照[[権現|大権現]]'''（とうしょうだいごんげん）を祀る。日本全国の[[東照宮]]の総本社的存在である。正式名称は地名等を冠称しない「'''東照宮'''」であるが、他の東照宮との区別のために、「日光東照宮」と呼ばれることが多い。その歴史は少なくとも[[源義朝]]による日光山造営までさかのぼり得るもので、[[源頼朝]]がその母方の熱田大宮司家の出身者を[[別当]]に据えて以来、[[鎌倉幕府]]、[[関東公方]]、[[後北条氏]]の歴代を通じて、東国の宗教的権威となっていた。こうした歴史を背景に、[[徳川氏]]は[[東照宮]]を造営したと考えられる。	http://upload.wikimedia.org/wikipedia/commons/4/47/%25E6%2597%25A5%25E5%2585%2589%25E6%259D%25B1%25E7%2585%25A7%25E5%25AE%25AE%25E9%2599%25BD%25E6%2598%258E%25E9%2596%2580001.jpg
箱根神社	'''箱根神社'''（はこねじんじゃ）は、[[神奈川県]][[足柄下郡]][[箱根町]][[元箱根]]にある[[神社]]である。旧[[社格]]は[[国幣小社]]。かつては'''[[箱根権現]]'''、'''三所大権現'''とも称された。	http://powspotter.info/wp-content/uploads/fc2img/32.jpg
三浦海岸	'''三浦海岸'''（みうらかいがん）は、[[神奈川県]]の[[三浦半島]]南東部にある[[海岸]]。広義には、[[東京湾]]の入口である[[浦賀水道]]に面する[[金田湾]]を囲み、[[横須賀市]]野比から[[三浦市]]南下浦金田まで約10kmにわたって緩やかな弧を描く海岸を指す。狭義には、弧の南半分で三浦市に属する海岸、なかでも北側で津久井浜に、南側で菊名浜に連なる、三浦海岸[[海水浴場]]一帯の[[砂浜]]を指す。投釣りのメッカとして知られシロギスが釣れる。	http://upload.wikimedia.org/wikipedia/commons/f/f3/Miura_Kaigan_01.jpg
浅草神社	'''浅草神社'''（あさくさ じんじゃ）は、[[東京都]][[台東区]][[浅草]]の[[浅草寺]]本堂右隣にある[[神社]]である。通称に'''三社権現'''（さんじゃ ごんげん）、'''三社様'''（さんじゃ さま）。5月17日の例大祭は[[三社祭]]という。&lt;!--本来の「江戸三大祭」は「神田祭」「山王祭」「深川祭」--&gt;	http://upload.wikimedia.org/wikipedia/commons/thumb/c/c1/Asakusa_shrine_2012.JPG/300px-Asakusa_shrine_2012.JPG
奥秩父山塊	'''奥秩父山塊'''（おくちちぶさんかい）とは、[[野辺山高原]]の南東に位置する[[飯盛山 (長野県南佐久郡)|飯盛山]]（1643m）から[[雲取山]]（2017m）および南は[[三窪高原]]まで、広くはそれに東は[[奥多摩]]エリア、北は[[両神山]]（1723m）付近、南は[[大菩薩連嶺]]までを加えた[[山塊]]。[[関東山地]]の中心部をなす。'''奥秩父山地'''（おくちちぶさんち）ともいう。[[信濃川|千曲川]]（信濃川上流）、[[荒川 (関東)|荒川]]、[[笛吹川]]（[[富士川]]上流）、[[多摩川]]の4[[河川]]の[[水源]]域であり、山域に[[火山]]を殆ど含まないことも特徴となっている。奥秩父は山域が比較的広く、2600m圏の高峰を含め、2000m級の山々が多数連なっていることから、[[飛騨山脈|北アルプス]]、[[木曽山脈|中央アルプス]]、[[赤石山脈|南アルプス]]に比して'''東アルプス'''と、この山域の山小屋関係者などは称している&lt;ref&gt;[http://www.e-alps.jp/ 東アルプス楽集国]&lt;/ref&gt;。大きな保水力を持った[[森林]]と、その水が[[川]]となって流れ出る[[渓谷]]の[[美]]がこの山域の魅力であるとして、[[英文学]]者で山旅を楽しんだ[[田部重治]]（1884-1972）は、雄大な[[日本アルプス]]の山々の特徴と並べて、1919年に『日本アルプスと秩父巡礼』を刊行、1930年にそれは『[[山と渓谷]]』として出版された。	http://upload.wikimedia.org/wikipedia/ja/thumb/d/d7/Okuchichibu.jpg/300px-Okuchichibu.jpg
